Openness,Conscientiousness,Extraversion,Agreeableness,Neuroticism,Class_Label
0.839299285,0.170988264,0.083983504,0.047367045,0.612100813,web-pro
0.839299285,0.170988264,0.083983504,0.047367045,0.612100813,other
0.839299285,0.170988264,0.083983504,0.047367045,0.612100813,statistic
0.849555053,0.100009218,0.032557281,0.001653615,0.39203621,micro-oop
0.784907042,0.373113798,0.065500749,0.007660128,0.313509081,mobile
0.830269672,0.610332661,0.094850115,0.041251142,0.296324536,mobile
0.830269672,0.610332661,0.094850115,0.041251142,0.296324536,oop
0.92478293,0.089528253,0.138598054,0.011522692,0.161807065,oop
0.502466371,0.231200454,0.321756728,0.253409526,0.897157368,statistic
0.502466371,0.231200454,0.321756728,0.253409526,0.897157368,oop
0.654301422,0.603104823,0.056929568,0.024484187,0.304385253,micro-oop
0.654301422,0.603104823,0.056929568,0.024484187,0.304385253,oop
0.894953661,0.124988726,0.083293539,0.009011015,0.288219526,oop
0.894953661,0.124988726,0.083293539,0.009011015,0.288219526,web-pro
0.689215932,0.625448378,0.197740455,0.037678666,0.223963046,oop
0.689215932,0.625448378,0.197740455,0.037678666,0.223963046,micro-oop
0.881778837,0.04261565,0.072976275,0.003884581,0.432515781,web-pro
0.881778837,0.04261565,0.072976275,0.003884581,0.432515781,micro-oop
0.908483025,0.036053434,0.051867423,0.020315048,0.535220471,oop
0.908483025,0.036053434,0.051867423,0.020315048,0.535220471,web-pro
0.889837107,0.542460686,0.111912273,0.018609271,0.359172437,micro-oop
0.943384851,0.144389307,0.029940162,0.000488135,0.290291329,other
0.943384851,0.144389307,0.029940162,0.000488135,0.290291329,oop
0.923366842,0.150006081,0.125103677,0.030985273,0.290946756,statistic
0.923366842,0.150006081,0.125103677,0.030985273,0.290946756,oop
0.8787684,0.649009111,0.022765417,0.044978232,0.308162695,oop
0.906011979,0.412524934,0.166901669,0.025387785,0.216581176,oop
0.906011979,0.412524934,0.166901669,0.025387785,0.216581176,mobile
0.866666366,0.20275576,0.241201422,0.012423684,0.333722592,database
0.728215565,0.417443328,0.310451543,0.049950356,0.684054596,oop
0.953108782,0.125518958,0.328120626,0.054810383,0.638763509,other
0.83623348,0.463201339,0.027805187,0.00676596,0.456381028,other
0.83623348,0.463201339,0.027805187,0.00676596,0.456381028,micro-oop
0.872175674,0.152406038,0.116153848,0.008162965,0.482848011,micro-oop
0.991006282,0.22400481,0.15218856,0.055775054,0.365119618,oop
0.956737554,0.360674003,0.120429061,0.055310051,0.138726878,oop
0.969204082,0.113048912,0.141419352,0.016013339,0.355974367,web-pro
0.733824442,0.277062371,0.086460352,0.116734729,0.443780019,database
0.918899394,0.425124299,0.151750099,0.056372146,0.293625613,oop
0.918899394,0.425124299,0.151750099,0.056372146,0.293625613,statistic
0.916376926,0.382340601,0.06559954,0.013013331,0.336000778,web-pro
0.921872567,0.207382433,0.187551324,0.061827945,0.411274542,database
0.921872567,0.207382433,0.187551324,0.061827945,0.411274542,micro-oop
0.891822434,0.130765192,0.193116389,0.051916884,0.380360546,database
0.72015597,0.633726061,0.017323669,0.004331328,0.468243086,database
0.72015597,0.633726061,0.017323669,0.004331328,0.468243086,web-pro
0.882063934,0.659759419,0.144990367,0.285391458,0.17675478,web-pro
0.821951158,0.382203523,0.034149823,0.063762728,0.56359977,web-pro
0.735467383,0.639536418,0.367033415,0.306011091,0.073109407,mobile
0.735467383,0.639536418,0.367033415,0.306011091,0.073109407,other
0.818924236,0.221960003,0.158490786,0.050235824,0.416857336,web-pro
0.889510152,0.186706873,0.06138958,0.003612807,0.414090467,oop
0.87390705,0.708135165,0.154859381,0.225880265,0.396809571,oop
0.87390705,0.708135165,0.154859381,0.225880265,0.396809571,web-pro
0.869741242,0.228950619,0.090018612,0.011720368,0.438627968,micro-oop
0.794646731,0.01345706,0.087534941,0.002087447,0.95045464,oop
0.798555686,0.267281679,0.131982335,0.032623671,0.515334953,oop
0.798555686,0.267281679,0.131982335,0.032623671,0.515334953,database
0.931986801,0.037910015,0.049530762,0.00635575,0.346505836,oop
0.894917561,0.742451618,0.195807866,0.258860737,0.300472617,oop
0.894917561,0.742451618,0.195807866,0.258860737,0.300472617,database
0.894917561,0.742451618,0.195807866,0.258860737,0.300472617,web-pro
0.922680447,0.302536702,0.390133527,0.20929758,0.32266759,web-pro
0.871553414,0.425428055,0.111146118,0.002305136,0.389885383,oop
0.871553414,0.425428055,0.111146118,0.002305136,0.389885383,micro-oop
0.896742992,0.809472145,0.082721739,0.069971824,0.205651444,micro-oop
0.896742992,0.809472145,0.082721739,0.069971824,0.205651444,web-pro
0.81656396,0.325550344,0.224020175,0.133295015,0.307664968,web-pro
0.626685113,0.438922894,0.079066931,0.012975419,0.483913342,micro-oop
0.626685113,0.438922894,0.079066931,0.012975419,0.483913342,web-pro
0.462215504,0.240108558,0.432916381,0.258924023,0.999697021,oop
0.959122412,0.433279918,0.069382711,0.017449119,0.210430024,oop
0.959122412,0.433279918,0.069382711,0.017449119,0.210430024,micro-oop
0.746128015,0.335116447,0.023071535,0.000435084,0.802264343,oop
0.746128015,0.335116447,0.023071535,0.000435084,0.802264343,mobile
0.922117543,0.053159109,0.109121223,0.000237248,0.20499596,micro-oop
0.870422919,0.368523895,0.201120947,0.026308423,0.358772274,mobile
0.870422919,0.368523895,0.201120947,0.026308423,0.358772274,other
0.870422919,0.368523895,0.201120947,0.026308423,0.358772274,web-pro
0.94399557,0.222933295,0.147992707,0.042310388,0.369084854,micro-oop
0.94399557,0.222933295,0.147992707,0.042310388,0.369084854,web-pro
0.442499553,0.229947963,0.391321432,0.268781883,0.999357255,other
0.442499553,0.229947963,0.391321432,0.268781883,0.999357255,oop
0.442499553,0.229947963,0.391321432,0.268781883,0.999357255,web-pro
0.882492751,0.200705471,0.141260179,0.018225876,0.305311632,web-pro
0.882492751,0.200705471,0.141260179,0.018225876,0.305311632,micro-oop
0.949054954,0.205927566,0.070687677,0.003857688,0.485536888,micro-oop
0.624167719,0.4340255,0.454383884,0.119199309,0.954799233,database
0.624167719,0.4340255,0.454383884,0.119199309,0.954799233,web-pro
0.906595347,0.734527444,0.239260402,0.067942393,0.296503008,web-pro
0.906595347,0.734527444,0.239260402,0.067942393,0.296503008,oop
0.818215387,0.686568661,0.259879118,0.257729781,0.329759833,web-pro
0.905727722,0.333621466,0.27446339,0.017523836,0.532146042,statistic
0.905727722,0.333621466,0.27446339,0.017523836,0.532146042,web-pro
0.922483411,0.076698653,0.034559927,0.00049432,0.435070614,oop
0.922483411,0.076698653,0.034559927,0.00049432,0.435070614,other
0.696449114,0.569563457,0.107517675,0.154316709,0.167943826,web-pro
0.696449114,0.569563457,0.107517675,0.154316709,0.167943826,micro-oop
0.825670882,0.368426704,0.203215929,0.139495272,0.347789631,statistic
0.872360316,0.070118209,0.36160302,0.05466243,0.27113932,web-pro
0.869284927,0.129830675,0.032005828,0.002025782,0.359096474,web-pro
0.869284927,0.129830675,0.032005828,0.002025782,0.359096474,micro-oop
0.869225624,0.177463202,0.038790406,0.004178447,0.279731619,web-pro
0.869225624,0.177463202,0.038790406,0.004178447,0.279731619,oop
0.92678285,0.381861685,0.032977201,0.003902753,0.26886741,oop
0.92678285,0.381861685,0.032977201,0.003902753,0.26886741,other
0.92678285,0.381861685,0.032977201,0.003902753,0.26886741,web-pro
0.962624734,0.209861548,0.087868516,0.017064689,0.381382618,oop
0.865789883,0.406087335,0.03468982,0.00077978,0.568040219,oop
0.957069267,0.382875398,0.468804561,0.049764659,0.205515277,web-pro
0.784907042,0.373113798,0.065500749,0.007660128,0.313509081,mobile
0.912652405,0.241827108,0.074419257,0.077774568,0.928509792,oop
0.912652405,0.241827108,0.074419257,0.077774568,0.928509792,other
0.473614617,0.223398565,0.334168494,0.266291451,0.872954407,web-pro
0.872686772,0.030708759,0.078080772,0.003155953,0.578120029,other
0.872686772,0.030708759,0.078080772,0.003155953,0.578120029,micro-oop
0.944469013,0.351298873,0.144385395,0.006441092,0.171629949,web-pro
0.750362773,0.223349499,0.351030474,0.079025188,0.24014844,oop
0.867715992,0.227704025,0.152855722,0.064626224,0.404899476,oop
0.906051464,0.602311167,0.148241268,0.042783654,0.244020275,mobile
0.906051464,0.602311167,0.148241268,0.042783654,0.244020275,web-pro
0.844882491,0.408623006,0.045922241,0.004393709,0.194382112,oop
0.863607794,0.446444537,0.24743196,0.053054324,0.301453357,micro-oop
0.863607794,0.446444537,0.24743196,0.053054324,0.301453357,statistic
0.56697094,0.109007056,0.270337984,0.257777277,0.999999999,mobile
0.56697094,0.109007056,0.270337984,0.257777277,0.999999999,oop
0.758499255,0.823257605,0.450530302,0.413465611,0.260537265,web-pro
0.852311196,0.818200227,0.42470179,0.077222529,0.33695259,web-pro
0.852311196,0.818200227,0.42470179,0.077222529,0.33695259,micro-oop
0.87365702,0.094602245,0.04685467,0.00230571,0.451133081,oop
0.865887784,0.329108744,0.338989283,0.051182794,0.458544591,web-pro
0.8721137,0.305312946,0.027361561,0.00116197,0.383423306,web-pro
0.932678738,0.045324532,0.052362216,0.000273193,0.530239717,mobile
0.897438241,0.048290973,0.024433226,0.002658918,0.342732138,mobile
0.673899512,0.179874202,0.0283995,0.02183214,0.476525743,micro-oop
0.673899512,0.179874202,0.0283995,0.02183214,0.476525743,web-pro
0.350255292,0.253385663,0.436532022,0.253658375,0.999996547,web-pro
0.86207403,0.501794851,0.347537226,0.039335485,0.19141365,oop
0.925340816,0.132355544,0.037896013,0.0112078,0.174238528,micro-oop
0.925340816,0.132355544,0.037896013,0.0112078,0.174238528,web-pro
0.624879359,0.264801992,0.020343037,0.008824984,0.047832608,web-pro
0.624879359,0.264801992,0.020343037,0.008824984,0.047832608,database
0.858281326,0.40856471,0.05138546,0.028022018,0.55837673,web-pro
0.858281326,0.40856471,0.05138546,0.028022018,0.55837673,database
0.858281326,0.40856471,0.05138546,0.028022018,0.55837673,oop
0.792238133,0.364254135,0.149199238,0.01523425,0.434159717,oop
0.843466367,0.293460601,0.113645417,0.062242479,0.256178321,statistic
0.843466367,0.293460601,0.113645417,0.062242479,0.256178321,oop
0.917467307,0.463306452,0.161083774,0.024976871,0.362235887,oop
0.917467307,0.463306452,0.161083774,0.024976871,0.362235887,web-pro
0.906755554,0.013538627,0.033472166,0.007098266,0.566613776,web-pro
0.888605512,0.188733109,0.092949426,0.017691997,0.368465502,web-pro
0.932392936,0.097783698,0.132761624,0.0121746,0.380558587,micro-oop
0.896824248,0.631725775,0.4703446,0.103025529,0.241857663,database
0.896824248,0.631725775,0.4703446,0.103025529,0.241857663,web-pro
0.797099568,0.643279332,0.049292409,0.040193245,0.281664997,oop
0.797099568,0.643279332,0.049292409,0.040193245,0.281664997,web-pro
0.988332124,0.107579484,0.139713574,0.018090388,0.327704374,oop
0.884027027,0.264643569,0.091336801,0.012561593,0.302290512,web-pro
0.852717549,0.588349734,0.172144865,0.092237548,0.143092465,micro-oop
0.700322843,0.495189501,0.149736805,0.196239616,0.746285707,oop
0.94479771,0.510062629,0.155262416,0.017157693,0.213039655,oop
0.790035416,0.59865655,0.015482852,0.002890171,0.132989831,mobile
0.790035416,0.59865655,0.015482852,0.002890171,0.132989831,micro-oop
0.5290937,0.636074765,0.060301198,0.051776254,0.102380582,oop
0.5290937,0.636074765,0.060301198,0.051776254,0.102380582,web-pro
0.5290937,0.636074765,0.060301198,0.051776254,0.102380582,mobile
0.805623041,0.370827705,0.012524727,0.001337036,0.960434204,other
0.805623041,0.370827705,0.012524727,0.001337036,0.960434204,micro-oop
0.900472315,0.090530848,0.058876267,0.000861051,0.413417479,web-pro
0.956074818,0.435922755,0.156054437,0.013986437,0.09207475,other
0.956074818,0.435922755,0.156054437,0.013986437,0.09207475,oop
0.977437285,0.577405321,0.199769087,0.030644978,0.165327251,database
0.977437285,0.577405321,0.199769087,0.030644978,0.165327251,web-pro
0.917968974,0.103745691,0.031132225,0.000982864,0.314290639,micro-oop
0.917968974,0.103745691,0.031132225,0.000982864,0.314290639,web-pro
0.739384092,0.025823183,0.13332775,0.088760965,0.999853011,database
0.739384092,0.025823183,0.13332775,0.088760965,0.999853011,web-pro
0.957861928,0.172691715,0.163948046,0.005866244,0.341278527,web-pro
0.990590016,0.200658063,0.181217745,0.016747554,0.299010739,web-pro
0.990590016,0.200658063,0.181217745,0.016747554,0.299010739,database
0.905159437,0.143172445,0.032595206,0.014844881,0.199024895,other
0.905159437,0.143172445,0.032595206,0.014844881,0.199024895,mobile
0.958475143,0.07511239,0.102660495,0.010372603,0.339091733,other
0.958475143,0.07511239,0.102660495,0.010372603,0.339091733,web-pro
0.958475143,0.07511239,0.102660495,0.010372603,0.339091733,database
0.849533984,0.113746794,0.087689082,0.002402705,0.834335096,web-pro
0.937952933,0.1780332,0.172310011,0.087433437,0.553259984,oop
0.723202725,0.580003745,0.451999771,0.125760052,0.814696435,other
0.723202725,0.580003745,0.451999771,0.125760052,0.814696435,micro-oop
0.723202725,0.580003745,0.451999771,0.125760052,0.814696435,oop
0.879639761,0.520571147,0.150697652,0.038407924,0.257371333,web-pro
0.929237332,0.326954551,0.129472608,0.00479123,0.330626363,other
0.929237332,0.326954551,0.129472608,0.00479123,0.330626363,oop
0.879852548,0.652333124,0.202222669,0.065164029,0.065911646,web-pro
0.797471162,0.001686177,0.135736085,0.024742244,0.999370578,oop
0.797471162,0.001686177,0.135736085,0.024742244,0.999370578,web-pro
0.970069702,0.042474602,0.064022743,0.0061708,0.393682544,oop
0.970069702,0.042474602,0.064022743,0.0061708,0.393682544,web-pro
0.858565211,0.409700837,0.047789166,0.003883301,0.574722442,web-pro
0.784358853,0.484920828,0.013258993,0.049728698,0.298276482,oop
0.784358853,0.484920828,0.013258993,0.049728698,0.298276482,web-pro
0.784358853,0.484920828,0.013258993,0.049728698,0.298276482,micro-oop
0.782577201,0.355198125,0.142551797,0.004628867,0.607047646,other
0.782577201,0.355198125,0.142551797,0.004628867,0.607047646,statistic
0.479068744,0.080589631,0.017903109,0.01451614,0.815688417,web-pro
0.920304023,0.326220524,0.00368284,0.000448329,0.725963619,oop
0.920304023,0.326220524,0.00368284,0.000448329,0.725963619,micro-oop
0.820192717,0.106375777,0.066851573,0.119186943,0.294328573,web-pro
0.897399295,0.154793034,0.082785299,0.020121615,0.481326278,web-pro
0.897399295,0.154793034,0.082785299,0.020121615,0.481326278,database
0.877481969,0.310970038,0.152619241,0.009939875,0.271509524,database
0.837625988,0.338659511,0.227691044,0.028840351,0.335071029,web-pro
0.837625988,0.338659511,0.227691044,0.028840351,0.335071029,oop
0.596078626,0.105715672,0.301168849,0.245278534,0.999999999,web-pro
0.596078626,0.105715672,0.301168849,0.245278534,0.999999999,micro-oop
0.785401931,0.0811542,0.097920399,0.006345406,0.443389342,oop
0.785401931,0.0811542,0.097920399,0.006345406,0.443389342,web-pro
0.917027882,0.062395488,0.017339882,0.000686748,0.461590473,oop
0.917027882,0.062395488,0.017339882,0.000686748,0.461590473,web-pro
0.917027882,0.062395488,0.017339882,0.000686748,0.461590473,micro-oop
0.463980782,0.323181517,0.032938884,0.002650647,0.482882851,oop
0.463980782,0.323181517,0.032938884,0.002650647,0.482882851,mobile
0.942747624,0.21177521,0.092183629,0.012619099,0.499091465,mobile
0.942747624,0.21177521,0.092183629,0.012619099,0.499091465,oop
0.917252971,0.091077251,0.019433376,0.000351981,0.398005404,oop
0.917252971,0.091077251,0.019433376,0.000351981,0.398005404,web-pro
0.917252971,0.091077251,0.019433376,0.000351981,0.398005404,other
0.897776385,0.070884793,0.021005647,0.002544782,0.081085409,mobile
0.985381664,0.164113551,0.108144317,0.021167124,0.284474064,oop
0.985381664,0.164113551,0.108144317,0.021167124,0.284474064,statistic
0.942834518,0.183377159,0.26994244,0.000323389,0.61177198,web-pro
0.942834518,0.183377159,0.26994244,0.000323389,0.61177198,database
0.942834518,0.183377159,0.26994244,0.000323389,0.61177198,oop
0.962241309,0.18691897,0.194157725,0.030817766,0.244236204,oop
0.962241309,0.18691897,0.194157725,0.030817766,0.244236204,micro-oop
0.945517195,0.585004406,0.154663685,0.020447886,0.256569086,web-pro
0.911215208,0.23763972,0.119461905,0.007059016,0.342087941,web-pro
0.911215208,0.23763972,0.119461905,0.007059016,0.342087941,database
0.911215208,0.23763972,0.119461905,0.007059016,0.342087941,oop
0.888007297,0.739341353,0.030510099,0.037763769,0.342691572,web-pro
0.969065963,0.055010463,0.155451982,0.028996617,0.295511826,web-pro
0.969065963,0.055010463,0.155451982,0.028996617,0.295511826,micro-oop
0.969065963,0.055010463,0.155451982,0.028996617,0.295511826,oop
0.908191463,0.273164483,0.083517692,0.01300954,0.312032491,micro-oop
0.908191463,0.273164483,0.083517692,0.01300954,0.312032491,oop
0.847621553,0.745152535,0.121522297,0.069764988,0.195051884,oop
0.961853642,0.619167871,0.378870323,0.109266734,0.134200014,oop
0.748440561,0.256207803,0.131206283,0.06039871,0.533888033,other
0.748440561,0.256207803,0.131206283,0.06039871,0.533888033,mobile
0.316559528,0.015781042,0.239464868,0.028476925,0.932426483,web-pro
0.316559528,0.015781042,0.239464868,0.028476925,0.932426483,oop
0.869760881,0.366737157,0.142168573,0.017605088,0.249334205,web-pro
0.869760881,0.366737157,0.142168573,0.017605088,0.249334205,other
0.589760951,0.363184233,0.043933957,0.085132623,0.249218649,mobile
0.589760951,0.363184233,0.043933957,0.085132623,0.249218649,database
0.589760951,0.363184233,0.043933957,0.085132623,0.249218649,oop
0.811813783,0.404015599,0.078263966,0.005702911,0.253538659,oop
0.848559856,0.718596659,0.102649483,0.195559951,0.210315097,statistic
0.848559856,0.718596659,0.102649483,0.195559951,0.210315097,oop
0.838977684,0.030391678,0.264555516,0.052858158,0.397471149,web-pro
0.838977684,0.030391678,0.264555516,0.052858158,0.397471149,micro-oop
0.937332841,0.592260373,0.064836042,0.004246376,0.327355944,oop
0.937332841,0.592260373,0.064836042,0.004246376,0.327355944,micro-oop
0.68932621,0.228307411,0.118710565,0.016136751,0.412909197,database
0.706649696,0.335472815,0.036956057,0.029943483,0.255840265,database
0.706649696,0.335472815,0.036956057,0.029943483,0.255840265,micro-oop
0.904960469,0.547889927,0.123440079,0.008573618,0.308983919,other
0.321984404,0.245249994,0.004541947,0.019653942,0.725566155,mobile
0.66738769,0.600663627,0.203615605,0.093846796,0.286492145,statistic
0.955722644,0.315857706,0.18598369,0.052140401,0.252900058,web-pro
0.955722644,0.315857706,0.18598369,0.052140401,0.252900058,oop
0.955722644,0.315857706,0.18598369,0.052140401,0.252900058,other
0.70109335,0.491482722,0.074067139,0.017768212,0.298011806,oop
0.70109335,0.491482722,0.074067139,0.017768212,0.298011806,mobile
0.69001298,0.083979013,0.196787007,0.251561766,0.99999275,web-pro
0.69001298,0.083979013,0.196787007,0.251561766,0.99999275,oop
0.912787272,0.14030283,0.031167538,0.000529039,0.625313308,oop
0.825896207,0.011876608,0.100041951,0.010635773,0.411555449,web-pro
0.825896207,0.011876608,0.100041951,0.010635773,0.411555449,oop
0.580780137,0.02452407,0.039570282,0.065734159,0.758173484,web-pro
0.580780137,0.02452407,0.039570282,0.065734159,0.758173484,other
0.952812411,0.214736318,0.265394377,0.003901679,0.284655013,web-pro
0.95689105,0.128307394,0.020747161,0.013520482,0.404848786,oop
0.699062658,0.223605412,0.121207553,0.049773763,0.328618623,web-pro
0.969420584,0.630440876,0.137378434,0.089069491,0.146453199,statistic
0.969420584,0.630440876,0.137378434,0.089069491,0.146453199,mobile
0.969420584,0.630440876,0.137378434,0.089069491,0.146453199,oop
0.740415092,0.058350971,0.279832367,0.001144684,0.579855883,oop
0.916155872,0.103809334,0.040201779,0.009942023,0.327506138,mobile
0.916155872,0.103809334,0.040201779,0.009942023,0.327506138,oop
0.973814361,0.499337675,0.164804365,0.048278432,0.323776833,micro-oop
0.935324268,0.194061052,0.133651272,0.009147013,0.27803639,web-pro
0.935324268,0.194061052,0.133651272,0.009147013,0.27803639,oop
0.925956962,0.063062077,0.098218027,0.006264743,0.526108397,oop
0.872305324,0.506621279,0.205465547,0.062729851,0.24129705,micro-oop
0.597505142,0.399226335,0.050528804,0.035907068,0.279004378,oop
0.597505142,0.399226335,0.050528804,0.035907068,0.279004378,web-pro
0.749139873,0.634651527,0.03439233,0.411307135,0.548649447,micro-oop
0.749139873,0.634651527,0.03439233,0.411307135,0.548649447,web-pro
0.717627862,0.099609651,0.09275839,7.96e-05,0.218133567,oop
0.717627862,0.099609651,0.09275839,7.96e-05,0.218133567,web-pro
0.717627862,0.099609651,0.09275839,7.96e-05,0.218133567,micro-oop
0.906569524,0.296934687,0.165138671,0.002854985,0.217336814,oop
0.9099611,0.067591375,0.076147543,0.00574021,0.368752305,micro-oop
0.249584701,0.067409722,0.175373341,0.050266691,0.914537039,micro-oop
0.522768279,0.301797419,0.046770415,0.011463684,0.979357292,mobile
0.522768279,0.301797419,0.046770415,0.011463684,0.979357292,web-pro
0.882308848,0.28195539,0.12956816,0.106561043,0.381013316,oop
0.678068005,0.788302709,0.046152073,0.105282381,0.301952297,database
0.678068005,0.788302709,0.046152073,0.105282381,0.301952297,micro-oop
0.884858713,0.28486317,0.044475904,0.011299916,0.358750768,oop
0.889680016,0.249855712,0.303993483,0.03540114,0.369110887,web-pro
0.889680016,0.249855712,0.303993483,0.03540114,0.369110887,oop
0.889680016,0.249855712,0.303993483,0.03540114,0.369110887,micro-oop
0.951823581,0.481980284,0.434051509,0.088889517,0.178969888,micro-oop
0.468785074,0.103309883,0.043176089,0.008569623,0.434692306,oop
0.552545515,0.653813312,0.181205041,0.039507743,0.367678593,micro-oop
0.552545515,0.653813312,0.181205041,0.039507743,0.367678593,other
0.756568862,0.315583749,0.718566757,0.150567126,0.800592531,web-pro
0.351369517,0.10120656,0.033697519,0.008046463,0.581737963,other
0.351369517,0.10120656,0.033697519,0.008046463,0.581737963,database
0.654768742,0.263830506,0.214363784,0.060710592,0.676151689,web-pro
0.804509774,0.866953715,0.03286406,0.077867456,0.480049996,oop
0.809468553,0.467289561,0.107713337,0.091350872,0.310422558,statistic
0.941292722,0.300444339,0.176233991,0.000725473,0.235844257,web-pro
0.800459273,0.37741204,0.23467458,0.077767546,0.267274104,web-pro
0.967728378,0.089697323,0.042095457,0.000803416,0.272030609,oop
0.913751431,0.481182796,0.09636854,0.005316129,0.148996753,oop
0.888088216,0.474974628,0.183134906,0.036584825,0.326284701,web-pro
0.888088216,0.474974628,0.183134906,0.036584825,0.326284701,oop
0.809637579,0.313576256,0.088518767,0.008305572,0.270247632,micro-oop
0.809637579,0.313576256,0.088518767,0.008305572,0.270247632,web-pro
0.881791044,0.345822811,0.057649357,0.007304986,0.39013467,web-pro
0.881791044,0.345822811,0.057649357,0.007304986,0.39013467,oop
0.867196455,0.077699769,0.062515113,0.022434715,0.375098686,mobile
0.812582927,0.053051781,0.036143994,0.001744704,0.651884642,web-pro
0.951648455,0.253245654,0.014420479,9.48e-06,0.396045022,database
0.951648455,0.253245654,0.014420479,9.48e-06,0.396045022,web-pro
0.951648455,0.253245654,0.014420479,9.48e-06,0.396045022,other
0.419257316,0.44640474,0.103610281,0.014704625,0.332580089,micro-oop
0.419257316,0.44640474,0.103610281,0.014704625,0.332580089,web-pro
0.968910676,0.927343996,0.389602651,0.264449428,0.051505218,mobile
0.968910676,0.927343996,0.389602651,0.264449428,0.051505218,other
0.904423008,0.155464211,0.111570154,0.004140894,0.403687987,web-pro
0.630939835,0.48947145,0.600445099,0.165333155,0.889398975,oop
0.889077486,0.556117017,0.033033867,0.007722881,0.764958836,oop
0.889077486,0.556117017,0.033033867,0.007722881,0.764958836,other
0.92182187,0.347115996,0.071878137,0.05920629,0.315307156,web-pro
0.92182187,0.347115996,0.071878137,0.05920629,0.315307156,oop
0.948088629,0.294677407,0.202020533,0.004761619,0.355984581,oop
0.948088629,0.294677407,0.202020533,0.004761619,0.355984581,micro-oop
0.807367288,0.431917441,0.048381395,0.002281916,0.527376854,mobile
0.866734044,0.130725381,0.104067356,0.017182046,0.273507037,other
0.866734044,0.130725381,0.104067356,0.017182046,0.273507037,mobile
0.903420886,0.072193582,0.072837629,0.030973855,0.367583852,web-pro
0.641903526,0.683086624,0.277596802,0.197017822,0.150123953,web-pro
0.718367738,0.397957948,0.115407275,0.023678907,0.51111521,mobile
0.718367738,0.397957948,0.115407275,0.023678907,0.51111521,oop
0.718367738,0.397957948,0.115407275,0.023678907,0.51111521,web-pro
0.940482664,0.304334058,0.252943017,0.076653727,0.306368765,mobile
0.873183384,0.167179315,0.042170015,0.009438994,0.695746978,web-pro
0.796523742,0.71651123,0.085229741,0.076704591,0.424244272,oop
0.899051192,0.228974639,0.273658935,0.032609107,0.324570041,database
0.983294123,0.335487675,0.23426379,0.035041756,0.08725429,database
0.983294123,0.335487675,0.23426379,0.035041756,0.08725429,web-pro
0.898764319,0.584020744,0.652389477,0.057516559,0.383430292,oop
0.931611367,0.191222204,0.071543563,0.012462226,0.432641125,mobile
0.921180855,0.220509444,0.098394188,0.008814054,0.36651886,web-pro
0.699716889,0.03272901,0.111627438,0.012846098,0.482346288,micro-oop
0.798518509,0.314637267,0.12847571,0.016203539,0.429919948,micro-oop
0.798518509,0.314637267,0.12847571,0.016203539,0.429919948,oop
0.798518509,0.314637267,0.12847571,0.016203539,0.429919948,mobile
0.623877318,0.748000599,0.105667987,0.062735624,0.430062422,oop
0.792966738,0.319367921,0.155745366,0.001403926,0.268389225,database
0.792966738,0.319367921,0.155745366,0.001403926,0.268389225,web-pro
0.948767241,0.43027029,0.089947049,0.012466189,0.379719806,mobile
0.948767241,0.43027029,0.089947049,0.012466189,0.379719806,other
0.47855388,0.369976689,0.501263173,0.065729105,0.952582378,web-pro
0.854976819,0.65411916,0.372045002,0.032217916,0.24626743,web-pro
0.854976819,0.65411916,0.372045002,0.032217916,0.24626743,oop
0.870786291,0.3688728,0.365653458,0.065615409,0.166479542,web-pro
0.956510105,0.333478385,0.098085371,0.004718709,0.442048811,mobile
0.89285588,0.309848246,0.090571321,0.022194071,0.265438517,micro-oop
0.884743797,0.059734924,0.15127175,0.068350733,0.450511278,web-pro
0.884743797,0.059734924,0.15127175,0.068350733,0.450511278,mobile
0.961347748,0.40625813,0.05142472,0.006227338,0.299607037,oop
0.86024095,0.356906567,0.040965783,0.083169094,0.057844361,micro-oop
0.86024095,0.356906567,0.040965783,0.083169094,0.057844361,oop
0.917190077,0.234669181,0.035574635,0.000500364,0.512759261,micro-oop
0.917190077,0.234669181,0.035574635,0.000500364,0.512759261,web-pro
0.538900626,0.234144179,0.341993163,0.27523558,0.811768175,oop
0.538900626,0.234144179,0.341993163,0.27523558,0.811768175,other
0.817580853,0.363346728,0.138451444,0.017670187,0.299842628,oop
0.817580853,0.363346728,0.138451444,0.017670187,0.299842628,web-pro
0.921266007,0.638922591,0.071342611,0.022124525,0.283230776,web-pro
0.769613043,0.706650772,0.203801936,0.051759723,0.16635422,oop
0.769613043,0.706650772,0.203801936,0.051759723,0.16635422,other
0.947056216,0.388968445,0.204665864,0.029518557,0.252894777,database
0.947056216,0.388968445,0.204665864,0.029518557,0.252894777,micro-oop
0.889953755,0.252677931,0.094940368,0.018909969,0.320076547,micro-oop
0.889953755,0.252677931,0.094940368,0.018909969,0.320076547,other
0.889953755,0.252677931,0.094940368,0.018909969,0.320076547,oop
0.957953923,0.772353861,0.334176863,0.205215655,0.107845389,web-pro
0.824183629,0.267547569,0.066770234,0.000339891,0.481724643,other
0.824183629,0.267547569,0.066770234,0.000339891,0.481724643,oop
0.845733071,0.215157224,0.087882799,0.006515791,0.373038814,web-pro
0.845733071,0.215157224,0.087882799,0.006515791,0.373038814,micro-oop
0.76024482,0.501997464,0.146797749,0.077513175,0.25233481,web-pro
0.76024482,0.501997464,0.146797749,0.077513175,0.25233481,database
0.951851858,0.613220965,0.421104007,0.046725164,0.059729092,micro-oop
0.951851858,0.613220965,0.421104007,0.046725164,0.059729092,web-pro
0.662116592,0.22244639,0.142206657,0.030692523,0.412304913,database
0.662116592,0.22244639,0.142206657,0.030692523,0.412304913,micro-oop
0.85522653,0.209702613,0.050371914,0.002894851,0.267528829,micro-oop
0.939858997,0.133299869,0.13758626,0.039772457,0.395854166,oop
0.939858997,0.133299869,0.13758626,0.039772457,0.395854166,other
0.886052507,0.183003585,0.094164309,0.024415317,0.530769748,micro-oop
0.886052507,0.183003585,0.094164309,0.024415317,0.530769748,web-pro
0.789551221,0.330666351,0.246830337,0.048237693,0.279444358,web-pro
0.789551221,0.330666351,0.246830337,0.048237693,0.279444358,oop
0.957680079,0.167273352,0.06396714,0.002042585,0.461122914,web-pro
0.678805008,0.701361216,0.128496856,0.079175987,0.192856561,micro-oop
0.678805008,0.701361216,0.128496856,0.079175987,0.192856561,web-pro
0.930008881,0.095803775,0.026982491,0.0006461,0.554214952,web-pro
0.930008881,0.095803775,0.026982491,0.0006461,0.554214952,mobile
0.930008881,0.095803775,0.026982491,0.0006461,0.554214952,oop
0.944035097,0.075925309,0.042657674,0.010274845,0.394712671,mobile
0.855771562,0.59088311,0.110795775,0.039980082,0.247886753,oop
0.855771562,0.59088311,0.110795775,0.039980082,0.247886753,mobile
0.855771562,0.59088311,0.110795775,0.039980082,0.247886753,other
0.870590749,0.464303244,0.075455932,0.0264632,0.243604249,oop
0.870590749,0.464303244,0.075455932,0.0264632,0.243604249,web-pro
0.893895283,0.115030935,0.068466366,0.031492815,0.248244373,web-pro
0.931105206,0.47059225,0.053052673,0.009159561,0.478187692,oop
0.931105206,0.47059225,0.053052673,0.009159561,0.478187692,mobile
0.677438522,0.62657031,0.468936443,0.007469222,0.133698151,other
0.677438522,0.62657031,0.468936443,0.007469222,0.133698151,oop
0.948021663,0.290805381,0.030062679,0.000178037,0.342876302,oop
0.93952463,0.198486067,0.204165109,0.013252734,0.270363837,web-pro
0.737517346,0.316237517,0.304754611,0.022753795,0.220567133,micro-oop
0.737517346,0.316237517,0.304754611,0.022753795,0.220567133,oop
0.794862753,0.266038025,0.060452506,0.027460747,0.540637076,oop
0.794862753,0.266038025,0.060452506,0.027460747,0.540637076,web-pro
0.794862753,0.266038025,0.060452506,0.027460747,0.540637076,micro-oop
0.829251396,0.057984075,0.095805536,0.001317827,0.500509785,oop
0.829251396,0.057984075,0.095805536,0.001317827,0.500509785,database
0.969788981,0.49883206,0.130902682,0.020451536,0.182698731,micro-oop
0.744330134,0.333866512,0.108478433,0.019731191,0.508246446,statistic
0.744330134,0.333866512,0.108478433,0.019731191,0.508246446,oop
0.852358651,0.160707729,0.0788516,0.002201865,0.752405175,micro-oop
0.661077866,0.495045988,0.175888937,0.043373945,0.478056567,web-pro
0.938574129,0.174270423,0.07900679,0.011953191,0.237812206,oop
0.9254084,0.193305686,0.101094917,0.002030938,0.285727983,web-pro
0.9254084,0.193305686,0.101094917,0.002030938,0.285727983,database
0.9254084,0.193305686,0.101094917,0.002030938,0.285727983,oop
0.550158817,0.305988783,0.07916071,0.083482969,0.511753318,mobile
0.550158817,0.305988783,0.07916071,0.083482969,0.511753318,oop
0.825584143,0.386340088,0.513419528,0.064348416,0.627141107,web-pro
0.911930058,0.347633636,0.236688091,0.031871333,0.224743807,other
0.911930058,0.347633636,0.236688091,0.031871333,0.224743807,micro-oop
0.805321907,0.086815736,0.055606616,0.006085747,0.753554555,mobile
0.953089586,0.078192713,0.056425106,0.037194077,0.420404133,micro-oop
0.953089586,0.078192713,0.056425106,0.037194077,0.420404133,web-pro
0.97922732,0.177100973,0.249079574,0.055578361,0.347127822,micro-oop
0.790211186,0.184483289,0.161325916,0.02105478,0.492101593,web-pro
0.790211186,0.184483289,0.161325916,0.02105478,0.492101593,oop
0.96025662,0.070167522,0.045463549,0.013948863,0.58957677,oop
0.965084066,0.009127463,0.194389745,0.021200616,0.07875896,micro-oop
0.883573573,0.127452072,0.075221243,0.011434343,0.333746389,other
0.883573573,0.127452072,0.075221243,0.011434343,0.333746389,micro-oop
0.849785635,0.206513773,0.106876138,0.021430843,0.299385841,micro-oop
0.772226595,0.028958107,0.077985283,0.00398657,0.920507398,micro-oop
0.823877689,0.569216085,0.15810845,0.164708464,0.278798258,oop
0.823877689,0.569216085,0.15810845,0.164708464,0.278798258,micro-oop
0.8564064,0.031123811,0.125117232,0.083749522,0.994361404,other
0.8564064,0.031123811,0.125117232,0.083749522,0.994361404,oop
0.883342078,0.560027738,0.099990529,0.017740401,0.171893554,oop
0.883342078,0.560027738,0.099990529,0.017740401,0.171893554,database
0.883342078,0.560027738,0.099990529,0.017740401,0.171893554,web-pro
0.87441194,0.185943549,0.090626997,0.024329913,0.368074806,mobile
0.850924197,0.441794516,0.142184978,0.044108994,0.30673803,oop
0.909949562,0.433672338,0.208738878,0.076277091,0.306201621,micro-oop
0.909949562,0.433672338,0.208738878,0.076277091,0.306201621,oop
0.921770779,0.207823243,0.068219395,0.002832399,0.323798431,micro-oop
0.921770779,0.207823243,0.068219395,0.002832399,0.323798431,web-pro
0.935978183,0.09929335,0.037314706,0.028165279,0.423877368,mobile
0.925012,0.647828294,0.077633267,0.015213975,0.123750155,web-pro
0.875494274,0.177693928,0.071369108,0.104389861,0.559147788,web-pro
0.875494274,0.177693928,0.071369108,0.104389861,0.559147788,micro-oop
0.879525986,0.562324363,0.171131969,0.029950119,0.443287766,oop
0.888145413,0.168929313,0.066683026,0.003366401,0.358882992,web-pro
0.863089003,0.748416023,0.178075185,0.139190307,0.258970285,oop
0.851828368,0.568304068,0.152052992,0.034597649,0.289772367,web-pro
0.851828368,0.568304068,0.152052992,0.034597649,0.289772367,mobile
0.939247705,0.150632105,0.082767371,0.003840066,0.309979793,oop
0.939247705,0.150632105,0.082767371,0.003840066,0.309979793,statistic
0.880787963,0.02618997,0.097385424,0.017910758,0.834256875,web-pro
0.880787963,0.02618997,0.097385424,0.017910758,0.834256875,oop
0.90577624,0.792815249,0.313330234,0.129845795,0.068532361,web-pro
0.602261855,0.553905291,0.053555634,0.00650121,0.72937567,database
0.829559501,0.432853873,0.079098304,0.010567177,0.269681878,micro-oop
0.86995311,0.20920895,0.142051741,0.068703887,0.851958065,micro-oop
0.86995311,0.20920895,0.142051741,0.068703887,0.851958065,web-pro
0.813894229,0.246865279,0.070697651,0.001016018,0.251382537,oop
0.899585765,0.212794441,0.058507121,0.007757708,0.32313009,other
0.671717188,0.224625185,0.171749368,0.116181389,0.657035276,web-pro
0.671717188,0.224625185,0.171749368,0.116181389,0.657035276,micro-oop
0.671717188,0.224625185,0.171749368,0.116181389,0.657035276,database
0.875050429,0.081363531,0.1533704,0.017785727,0.678813695,other
0.875050429,0.081363531,0.1533704,0.017785727,0.678813695,micro-oop
0.669380543,0.173600028,0.049771833,0.069454614,0.438285989,statistic
0.669380543,0.173600028,0.049771833,0.069454614,0.438285989,micro-oop
0.856670157,0.377743397,0.118385612,0.01321971,0.37456766,oop
0.856670157,0.377743397,0.118385612,0.01321971,0.37456766,mobile
0.917079325,0.156069851,0.113751174,0.029303008,0.299542093,micro-oop
0.917079325,0.156069851,0.113751174,0.029303008,0.299542093,statistic
0.816845994,0.322680393,0.050678431,0.01409423,0.337678485,web-pro
0.816845994,0.322680393,0.050678431,0.01409423,0.337678485,oop
0.943131268,0.295605597,0.092973895,0.009838401,0.720898942,web-pro
0.806877681,0.363136527,0.214674103,0.053964059,0.229885541,oop
0.806877681,0.363136527,0.214674103,0.053964059,0.229885541,web-pro
0.929196273,0.386751793,0.2052842,0.008616168,0.372721409,oop
0.929196273,0.386751793,0.2052842,0.008616168,0.372721409,statistic
0.889837107,0.542460686,0.111912273,0.018609271,0.359172437,micro-oop
0.907967395,0.074888932,0.085288216,0.007414004,0.370364092,micro-oop
0.445354054,0.265353775,0.424380081,0.264177703,0.998465993,web-pro
0.445354054,0.265353775,0.424380081,0.264177703,0.998465993,other
0.884453336,0.463846858,0.226140434,0.059016814,0.357351764,web-pro
0.982801307,0.334483012,0.186689692,0.022368734,0.179654707,oop
0.93572971,0.116066833,0.044117199,0.004203639,0.370670044,web-pro
0.93572971,0.116066833,0.044117199,0.004203639,0.370670044,micro-oop
0.852812943,0.15876943,0.120369003,0.093334445,0.325087519,oop
0.852812943,0.15876943,0.120369003,0.093334445,0.325087519,web-pro
0.961610658,0.444548857,0.111784827,0.014888604,0.250344136,database
0.961610658,0.444548857,0.111784827,0.014888604,0.250344136,oop
0.922925688,0.293085688,0.201329043,0.009114406,0.416518767,oop
0.932372153,0.718047001,0.168680552,0.053397197,0.14914942,micro-oop
0.787855852,0.591035027,0.530713344,0.458358178,0.146007664,web-pro
0.501954833,0.1463785,0.082813267,0.012149426,0.550126584,micro-oop
0.501954833,0.1463785,0.082813267,0.012149426,0.550126584,database
0.93046083,0.309831782,0.270988099,0.037789276,0.400949258,mobile
0.943711843,0.208012209,0.09536013,0.009793561,0.348963806,mobile
0.950359531,0.296982369,0.105795741,0.021386004,0.262421699,micro-oop
0.950359531,0.296982369,0.105795741,0.021386004,0.262421699,web-pro
0.937499892,0.253601647,0.069970878,0.001766365,0.577211906,oop
0.937499892,0.253601647,0.069970878,0.001766365,0.577211906,web-pro
0.945632843,0.440261944,0.217038969,0.055147527,0.349564125,oop
0.945632843,0.440261944,0.217038969,0.055147527,0.349564125,statistic
0.537842924,0.745569414,0.005392793,0.001396924,0.838860287,other
0.537842924,0.745569414,0.005392793,0.001396924,0.838860287,mobile
0.945955599,0.023071432,0.064097356,0.003611863,0.315478516,micro-oop
0.908822151,0.145398174,0.103989344,0.062180928,0.205722076,database
0.908822151,0.145398174,0.103989344,0.062180928,0.205722076,web-pro
0.854379868,0.493222322,0.185556625,0.03413071,0.379919762,web-pro
0.803862187,0.36049187,0.072057567,0.009601788,0.400009498,oop
0.803862187,0.36049187,0.072057567,0.009601788,0.400009498,mobile
0.568596523,0.031747096,0.018962257,0.001195081,0.419191753,web-pro
0.568596523,0.031747096,0.018962257,0.001195081,0.419191753,other
0.770788017,0.520878078,0.125002494,0.029896503,0.310534928,mobile
0.926667406,0.187149511,0.239040783,0.041993508,0.23814997,mobile
0.926667406,0.187149511,0.239040783,0.041993508,0.23814997,oop
0.903878784,0.306725848,0.148085894,0.032661634,0.17352478,other
0.903878784,0.306725848,0.148085894,0.032661634,0.17352478,micro-oop
0.923849722,0.277803388,0.194641431,0.118691279,0.252287486,web-pro
0.923849722,0.277803388,0.194641431,0.118691279,0.252287486,oop
0.893027863,0.669903216,0.031826442,0.020345655,0.394863977,oop
0.780730371,0.508230477,0.089597208,0.036691447,0.375357266,oop
0.780730371,0.508230477,0.089597208,0.036691447,0.375357266,statistic
0.897836176,0.401915967,0.139140458,0.002623703,0.097533569,oop
0.897836176,0.401915967,0.139140458,0.002623703,0.097533569,mobile
0.98110036,0.215866919,0.128271316,0.005102173,0.449745951,oop
0.960628808,0.560301194,0.166460038,0.150072473,0.176591917,oop
0.960628808,0.560301194,0.166460038,0.150072473,0.176591917,web-pro
0.944998432,0.569569445,0.127901922,0.107580202,0.240082111,other
0.944998432,0.569569445,0.127901922,0.107580202,0.240082111,oop
0.953606007,0.154955853,0.077523261,0.016970583,0.340588166,oop
0.950607482,0.081512514,0.033579339,0.000342345,0.474066564,mobile
0.785493157,0.262688479,0.224145127,0.008873703,0.471463572,web-pro
0.866568016,0.403596264,0.052077306,0.035463795,0.380802811,other
0.941615686,0.535529058,0.44649601,0.043707694,0.168284571,web-pro
0.909102174,0.402626882,0.248186374,0.012154568,0.205874086,mobile
0.909102174,0.402626882,0.248186374,0.012154568,0.205874086,oop
0.977286533,0.643735132,0.67623128,0.044846131,0.045361505,database
0.977286533,0.643735132,0.67623128,0.044846131,0.045361505,micro-oop
0.930607505,0.317376817,0.099841771,0.008416571,0.194078585,web-pro
0.966358478,0.251114919,0.157450147,0.01464514,0.279479304,micro-oop
0.966358478,0.251114919,0.157450147,0.01464514,0.279479304,oop
0.90637933,0.278033929,0.061381274,0.004541662,0.358193196,micro-oop
0.90637933,0.278033929,0.061381274,0.004541662,0.358193196,web-pro
0.8560629,0.101941257,0.121382041,0.049914914,0.95090342,web-pro
0.919249039,0.293289903,0.282681592,0.057846574,0.18969158,oop
0.919249039,0.293289903,0.282681592,0.057846574,0.18969158,other
0.810343642,0.053643308,0.140730802,0.01195927,0.902883775,oop
0.941797046,0.135100919,0.149599427,0.011742503,0.423387294,oop
0.950511034,0.166703211,0.103597712,0.010398707,0.28551172,web-pro
0.673589432,0.420189052,0.324943878,0.236834554,0.381506326,web-pro
0.920877855,0.240652998,0.045134864,0.016177099,0.335973561,web-pro
0.628109265,0.069708058,0.178146771,0.031951869,0.636304177,micro-oop
0.910249416,0.427316487,0.193956804,0.018161216,0.457664721,micro-oop
0.910249416,0.427316487,0.193956804,0.018161216,0.457664721,web-pro
0.866025225,0.670213344,0.204028792,0.076788301,0.232206554,web-pro
0.866025225,0.670213344,0.204028792,0.076788301,0.232206554,micro-oop
0.744367615,0.354925053,0.008864526,0.065509829,0.811909473,oop
0.744367615,0.354925053,0.008864526,0.065509829,0.811909473,web-pro
0.954868908,0.365580886,0.358697783,0.011450035,0.150673837,micro-oop
0.954868908,0.365580886,0.358697783,0.011450035,0.150673837,other
0.897243453,0.459850777,0.029173521,0.008951482,0.09739062,micro-oop
0.508898236,0.60295626,0.221786927,0.139756041,0.101241827,web-pro
0.508898236,0.60295626,0.221786927,0.139756041,0.101241827,database
0.905140245,0.294796121,0.171225395,0.060011986,0.265022675,statistic
0.905140245,0.294796121,0.171225395,0.060011986,0.265022675,mobile
0.909920169,0.539545781,0.123855074,0.010718589,0.243965732,web-pro
0.836545295,0.668065305,0.073500656,0.079241148,0.394319983,oop
0.852013003,0.174708086,0.137124718,0.011277763,0.375048422,mobile
0.891747392,0.406948304,0.133906263,0.012577433,0.284398484,oop
0.891747392,0.406948304,0.133906263,0.012577433,0.284398484,other
0.895536753,0.145675966,0.109498847,0.049501223,0.266744178,database
0.895536753,0.145675966,0.109498847,0.049501223,0.266744178,micro-oop
0.895536753,0.145675966,0.109498847,0.049501223,0.266744178,web-pro
0.863457765,0.644148035,0.093752071,0.051534594,0.271740404,web-pro
0.909111395,0.294763228,0.368813288,0.090307583,0.253226794,other
0.903878042,0.064751801,0.025772369,0.040382636,0.350774271,oop
0.925054757,0.249702022,0.15575811,0.038374023,0.381157937,web-pro
0.826619542,0.06406023,0.15206918,0.051725636,0.943199735,web-pro
0.826619542,0.06406023,0.15206918,0.051725636,0.943199735,micro-oop
0.654802133,0.114388147,0.310114504,0.275426246,0.999999999,web-pro
0.889898102,0.236629248,0.037893209,0.01088294,0.341252543,database
0.889898102,0.236629248,0.037893209,0.01088294,0.341252543,web-pro
0.950019192,0.402631945,0.205216646,0.027645946,0.203153685,micro-oop
0.805313564,0.059262894,0.108080465,0.008956127,0.501275685,oop
0.750450385,0.631212897,0.052024976,0.018061267,0.60677219,oop
0.913397188,0.090168348,0.372603577,0.034296287,0.317139319,web-pro
0.913397188,0.090168348,0.372603577,0.034296287,0.317139319,oop
0.846929618,0.13412684,0.047952144,0.000973624,0.402704326,web-pro
0.499898096,0.34706389,0.155314728,0.115111134,0.266191886,web-pro
0.499898096,0.34706389,0.155314728,0.115111134,0.266191886,micro-oop
0.88035762,0.102449611,0.331537123,0.076460541,0.942049017,oop
0.894120585,0.003265658,0.146543521,0.014241391,0.909527667,web-pro
0.962943974,0.552582267,0.096034246,0.007414615,0.221443206,oop
0.919099539,0.438893061,0.134137239,0.087965703,0.283544016,statistic
0.919099539,0.438893061,0.134137239,0.087965703,0.283544016,micro-oop
0.814844993,0.274690029,0.101945915,0.023673,0.127947392,web-pro
0.814844993,0.274690029,0.101945915,0.023673,0.127947392,micro-oop
0.85269227,0.097838956,0.116350158,0.053097134,0.601598558,oop
0.85269227,0.097838956,0.116350158,0.053097134,0.601598558,other
0.907704072,0.446338688,0.908962509,0.559985876,0.462920245,web-pro
0.921343852,0.232843842,0.236245445,0.028318337,0.272637881,database
0.921343852,0.232843842,0.236245445,0.028318337,0.272637881,micro-oop
0.906330356,0.260628102,0.068781862,0.000558568,0.413125155,mobile
0.921602022,0.254432746,0.107436894,0.021498982,0.222891312,oop
0.921602022,0.254432746,0.107436894,0.021498982,0.222891312,statistic
0.862550308,0.250767715,0.1222895,0.009357317,0.30260656,micro-oop
0.862550308,0.250767715,0.1222895,0.009357317,0.30260656,web-pro
0.881876373,0.209919194,0.079544808,0.003604463,0.372135348,database
0.881876373,0.209919194,0.079544808,0.003604463,0.372135348,web-pro
0.802636197,0.392366592,0.479368468,0.003787746,0.255330022,micro-oop
0.802636197,0.392366592,0.479368468,0.003787746,0.255330022,web-pro
0.963349019,0.048940495,0.057699926,0.003275059,0.386400594,oop
0.963349019,0.048940495,0.057699926,0.003275059,0.386400594,micro-oop
0.915174383,0.074960493,0.044210597,0.002519001,0.242584346,database
0.915174383,0.074960493,0.044210597,0.002519001,0.242584346,micro-oop
0.965076013,0.356481118,0.139344218,0.001464167,0.339452909,mobile
0.965076013,0.356481118,0.139344218,0.001464167,0.339452909,oop
0.869174998,0.238518131,0.125309255,0.011330343,0.338941476,web-pro
0.805486679,0.855787951,0.036130204,0.066052493,0.411757698,mobile
0.766439273,0.346817792,0.128535913,0.004744909,0.320333223,other
0.895908344,0.696302438,0.036056409,0.060278016,0.542602359,mobile
0.794128069,0.265676791,0.136964369,0.023549581,0.488711207,oop
0.94022756,0.181284502,0.051314846,0.000453548,0.446317833,mobile
0.94022756,0.181284502,0.051314846,0.000453548,0.446317833,oop
0.85408321,0.554581928,0.339389608,0.050241266,0.318674352,database
0.941947547,0.180669437,0.103268326,0.012177203,0.202258218,web-pro
0.941947547,0.180669437,0.103268326,0.012177203,0.202258218,database
0.87915468,0.503596696,0.26174998,0.314052906,0.354208552,micro-oop
0.451032725,0.234759783,0.331382842,0.27669804,0.819126298,statistic
0.451032725,0.234759783,0.331382842,0.27669804,0.819126298,oop
0.843090603,0.224887674,0.172260847,0.104551996,0.432185203,statistic
0.843090603,0.224887674,0.172260847,0.104551996,0.432185203,web-pro
0.843090603,0.224887674,0.172260847,0.104551996,0.432185203,database
0.936125792,0.198972978,0.283729276,0.069131131,0.355828758,oop
0.936125792,0.198972978,0.283729276,0.069131131,0.355828758,web-pro
0.931188357,0.221033808,0.111070024,0.023235186,0.326850501,micro-oop
0.885365905,0.463177358,0.067716266,0.022983973,0.352321082,web-pro
0.812052177,0.218195415,0.091312531,0.024089944,0.516486174,web-pro
0.917684349,0.639818201,0.139192308,0.02807923,0.25856826,oop
0.343006955,0.066710001,0.110591321,0.014256755,0.680905053,web-pro
0.889042774,0.590610157,0.28107516,0.035936743,0.228314034,other
0.889042774,0.590610157,0.28107516,0.035936743,0.228314034,oop
0.959260302,0.180573747,0.085188754,0.007092433,0.367627377,micro-oop
0.959260302,0.180573747,0.085188754,0.007092433,0.367627377,oop
0.670075603,0.463642157,0.076320146,0.011483362,0.562964965,oop
0.670075603,0.463642157,0.076320146,0.011483362,0.562964965,mobile
0.82565202,0.090836664,0.023558787,0.001654486,0.461513658,mobile
0.834704644,0.29945703,0.163791531,0.013518255,0.405171401,other
0.834704644,0.29945703,0.163791531,0.013518255,0.405171401,oop
0.834704644,0.29945703,0.163791531,0.013518255,0.405171401,web-pro
0.805027028,0.599370011,0.175239623,0.017449006,0.182584499,micro-oop
0.805027028,0.599370011,0.175239623,0.017449006,0.182584499,web-pro
0.582288373,0.31586341,0.638275332,0.120157661,0.958096704,web-pro
0.582288373,0.31586341,0.638275332,0.120157661,0.958096704,oop
0.888945192,0.157075898,0.048200937,0.000264518,0.475486814,oop
0.888945192,0.157075898,0.048200937,0.000264518,0.475486814,web-pro
0.903956733,0.317566112,0.093182464,0.012352005,0.2701628,database
0.903956733,0.317566112,0.093182464,0.012352005,0.2701628,micro-oop
0.922897056,0.551627357,0.149702055,0.066303081,0.200053655,other
0.922897056,0.551627357,0.149702055,0.066303081,0.200053655,mobile
0.877493956,0.151486289,0.079790588,0.004066282,0.301919625,database
0.931205668,0.397957094,0.324770808,0.086570531,0.191447766,micro-oop
0.772476162,0.010268997,0.16563726,0.094748916,0.999979329,oop
0.681761546,0.759742997,0.155979415,0.035060413,0.289706189,web-pro
0.439729849,0.249762537,0.313797339,0.173277171,0.913723229,statistic
0.849391577,0.214126343,0.190721458,0.054362941,0.295464659,web-pro
0.792135192,0.70502396,0.132818127,0.808636992,0.120291585,oop
0.928774138,0.437871239,0.398650005,0.011069613,0.290604438,web-pro
0.875228924,0.383634743,0.143500592,0.009893969,0.229306298,micro-oop
0.936339476,0.157804087,0.112483732,0.004335544,0.363217172,mobile
0.936339476,0.157804087,0.112483732,0.004335544,0.363217172,web-pro
0.936339476,0.157804087,0.112483732,0.004335544,0.363217172,oop
0.800510532,0.323369799,0.099573435,0.085418687,0.287970074,oop
0.68674416,0.169185452,0.322529803,0.048821143,0.914625425,micro-oop
0.68674416,0.169185452,0.322529803,0.048821143,0.914625425,mobile
0.602096704,0.12353048,0.309291764,0.260703591,0.999999999,oop
0.93893443,0.366451543,0.120037473,0.005883944,0.165316601,micro-oop
0.947506178,0.482800708,0.123134115,0.003200516,0.236482533,other
0.710611574,0.479979745,0.206946005,0.020051438,0.312651023,web-pro
0.710611574,0.479979745,0.206946005,0.020051438,0.312651023,micro-oop
0.719134465,0.27481761,0.084274778,0.005259596,0.327161556,web-pro
0.719134465,0.27481761,0.084274778,0.005259596,0.327161556,micro-oop
0.719134465,0.27481761,0.084274778,0.005259596,0.327161556,mobile
0.896297734,0.180709993,0.095678126,0.002803677,0.652294917,oop
0.852772825,0.297874724,0.136492731,0.040888569,0.269002076,oop
0.563449736,0.334133577,0.107870908,0.041459476,0.453686686,web-pro
0.530569148,0.202283298,0.036232103,0.017009301,0.513505051,web-pro
0.530569148,0.202283298,0.036232103,0.017009301,0.513505051,micro-oop
0.776860828,0.154471317,0.283938236,0.047845986,0.250536606,micro-oop
0.776860828,0.154471317,0.283938236,0.047845986,0.250536606,web-pro
0.856569681,0.289627766,0.093124171,0.017851146,0.359120779,web-pro
0.968896234,0.147641601,0.149158403,0.063348297,0.248864028,web-pro
0.902842385,0.60726401,0.143660212,0.02893382,0.320863762,database
0.902842385,0.60726401,0.143660212,0.02893382,0.320863762,micro-oop
0.895197354,0.359425243,0.146763521,0.006404038,0.350230593,oop
0.898028856,0.598623565,0.181026105,0.044727839,0.132561003,oop
0.898028856,0.598623565,0.181026105,0.044727839,0.132561003,web-pro
0.903813076,0.466003713,0.271289207,0.143111161,0.370955006,oop
0.926325381,0.211445644,0.085183385,0.123752786,0.504379692,oop
0.926325381,0.211445644,0.085183385,0.123752786,0.504379692,micro-oop
0.940601148,0.270386202,0.119601518,0.005625556,0.207001536,web-pro
0.923366842,0.150006081,0.125103677,0.030985273,0.290946756,statistic
0.923366842,0.150006081,0.125103677,0.030985273,0.290946756,oop
0.761112737,0.062563472,0.262822346,0.032229655,0.388251215,micro-oop
0.754360002,0.395799938,0.310452523,0.01506488,0.588476773,oop
0.821618964,0.414367803,0.056852733,0.013122553,0.169272571,oop
0.729111895,0.633348762,0.244690535,0.076738746,0.35998615,oop
0.907001793,0.12187759,0.072613618,0.030165676,0.336281008,web-pro
0.907001793,0.12187759,0.072613618,0.030165676,0.336281008,mobile
0.849295305,0.392690717,0.149486989,0.006677363,0.240430295,oop
0.849295305,0.392690717,0.149486989,0.006677363,0.240430295,web-pro
0.743144376,0.481207338,0.682401269,0.083881455,0.355836561,web-pro
0.92596993,0.139682836,0.084732272,0.006290038,0.339318143,micro-oop
0.92596993,0.139682836,0.084732272,0.006290038,0.339318143,database
0.918743991,0.157906611,0.288012144,0.041348071,0.293243093,web-pro
0.918743991,0.157906611,0.288012144,0.041348071,0.293243093,micro-oop
0.568245153,0.09431139,0.288474598,0.24005944,0.999999999,statistic
0.568245153,0.09431139,0.288474598,0.24005944,0.999999999,web-pro
0.977579882,0.215814436,0.200492325,0.015023908,0.213501926,oop
0.977579882,0.215814436,0.200492325,0.015023908,0.213501926,micro-oop
0.901084983,0.549385858,0.192892613,0.074572808,0.267298999,web-pro
0.543068196,0.615869855,0.137225133,0.049380429,0.24891697,oop
0.939491931,0.288282879,0.075407327,0.021360828,0.256228729,web-pro
0.395270467,0.109612325,0.146562326,0.178872425,0.307436861,mobile
0.395270467,0.109612325,0.146562326,0.178872425,0.307436861,oop
0.835195216,0.396277658,0.032499593,0.004979431,0.34701594,oop
0.835195216,0.396277658,0.032499593,0.004979431,0.34701594,web-pro
0.876474883,0.123606479,0.053214269,0.012542611,0.482096269,micro-oop
0.831385502,0.172997103,0.017728084,0.000419292,0.416742033,micro-oop
0.689458309,0.620882149,0.072760135,0.021075366,0.129149827,mobile
0.956459607,0.545688109,0.182223173,0.081615992,0.187067761,micro-oop
0.956459607,0.545688109,0.182223173,0.081615992,0.187067761,web-pro
0.814286327,0.125181843,0.071280763,0.05838211,0.962572548,web-pro
0.814286327,0.125181843,0.071280763,0.05838211,0.962572548,oop
0.971373362,0.069620201,0.196697761,0.042366899,0.352642051,micro-oop
0.971373362,0.069620201,0.196697761,0.042366899,0.352642051,oop
0.698499188,0.493885868,0.19770927,0.05273188,0.154125562,micro-oop
0.698499188,0.493885868,0.19770927,0.05273188,0.154125562,oop
0.959337102,0.043009417,0.110567436,0.007768359,0.568159735,statistic
0.959337102,0.043009417,0.110567436,0.007768359,0.568159735,micro-oop
0.959337102,0.043009417,0.110567436,0.007768359,0.568159735,oop
0.91516161,0.229065874,0.079189326,0.003770265,0.305382063,web-pro
0.91516161,0.229065874,0.079189326,0.003770265,0.305382063,micro-oop
0.84555733,0.164776778,0.060457043,0.018693902,0.496147754,oop
0.84555733,0.164776778,0.060457043,0.018693902,0.496147754,micro-oop
0.685556517,0.595945429,0.189107039,0.054750485,0.37376164,web-pro
0.590250197,0.303892914,0.343524482,0.189368814,0.594271378,web-pro
0.943684792,0.378066006,0.086484625,0.005652703,0.21733501,web-pro
0.824605335,0.124481372,0.038059522,0.000610383,0.552374513,other
0.824605335,0.124481372,0.038059522,0.000610383,0.552374513,oop
0.824605335,0.124481372,0.038059522,0.000610383,0.552374513,web-pro
0.322493102,0.048120095,0.012893474,0.000500939,0.589273904,oop
0.322493102,0.048120095,0.012893474,0.000500939,0.589273904,mobile
0.797261374,0.759059877,0.142854988,0.060496999,0.385267247,micro-oop
0.797261374,0.759059877,0.142854988,0.060496999,0.385267247,web-pro
0.869709018,0.237598549,0.310183078,0.011204205,0.381117051,other
0.754987908,0.145145044,0.002846753,5.08e-05,0.368174798,database
0.754987908,0.145145044,0.002846753,5.08e-05,0.368174798,micro-oop
0.614714392,0.395769595,0.142709194,0.182386376,0.501296904,micro-oop
0.945809916,0.059719877,0.1412359,0.003213307,0.32482843,oop
0.962830447,0.067687189,0.057977478,0.001169564,0.348025127,oop
0.788988315,0.527461322,0.376059109,0.025333211,0.213810768,oop
0.954949321,0.437030991,0.175132115,0.010568793,0.312633768,oop
0.677805169,0.061516402,0.012939182,0.000401872,0.346697066,micro-oop
0.777704678,0.551378905,0.010011056,0.003773049,0.564317871,micro-oop
0.967382235,0.238222543,0.075052039,0.01720458,0.276984609,oop
0.967382235,0.238222543,0.075052039,0.01720458,0.276984609,micro-oop
0.967382235,0.238222543,0.075052039,0.01720458,0.276984609,web-pro
0.776419375,0.405461608,0.088611958,0.094333949,0.217145893,web-pro
0.812727466,0.463340634,0.236704116,0.015750776,0.099169921,mobile
0.712455417,0.373767056,0.114614033,0.040222949,0.543651713,web-pro
0.051037501,0.242288398,0.353755743,0.269856291,0.949547523,mobile
0.668013919,0.653908818,0.067411079,0.053264836,0.352285631,mobile
0.896402702,0.196620987,0.144648843,0.004495247,0.380820128,micro-oop
0.896402702,0.196620987,0.144648843,0.004495247,0.380820128,oop
0.932802794,0.075674215,0.060154575,0.005054122,0.253571964,oop
0.932802794,0.075674215,0.060154575,0.005054122,0.253571964,database
0.620327477,0.19399176,0.384194774,0.282142987,0.998707529,statistic
0.901788497,0.020872198,0.160039529,0.05974374,0.985940086,web-pro
0.883488475,0.112034785,0.061756339,0.004003791,0.419642302,database
0.883488475,0.112034785,0.061756339,0.004003791,0.419642302,micro-oop
0.798138308,0.192554574,0.071292891,0.008265509,0.485927772,mobile
0.875507297,0.370768824,0.08782667,0.01813445,0.232654505,oop
0.875507297,0.370768824,0.08782667,0.01813445,0.232654505,micro-oop
0.930046277,0.030674304,0.024983223,0.008407536,0.462602562,mobile
0.905643397,0.395219692,0.107679852,0.049900811,0.229686964,other
0.905643397,0.395219692,0.107679852,0.049900811,0.229686964,oop
0.782947102,0.272330979,0.355381428,0.103719377,0.453122967,web-pro
0.689676306,0.135607283,0.089403882,0.01630899,0.283674857,web-pro
0.918240055,0.16434966,0.076757321,0.00169458,0.42485558,oop
0.918240055,0.16434966,0.076757321,0.00169458,0.42485558,micro-oop
0.938989997,0.208422243,0.047495634,0.006411868,0.527505008,oop
0.938989997,0.208422243,0.047495634,0.006411868,0.527505008,database
0.913574944,0.06414046,0.063941091,0.009870469,0.375426754,micro-oop
0.900620807,0.326540675,0.124472885,0.012802432,0.218855093,micro-oop
0.748544112,0.232008237,0.275560001,0.049108923,0.390334928,oop
0.881620309,0.240002902,0.08023903,0.024597871,0.324373757,other
0.52613736,0.432027339,0.086994741,0.10259602,0.572388708,oop
0.52613736,0.432027339,0.086994741,0.10259602,0.572388708,web-pro
0.762953397,0.501764651,0.028589662,0.006646913,0.426966729,oop
0.762953397,0.501764651,0.028589662,0.006646913,0.426966729,web-pro
0.872005853,0.085246273,0.043869667,0.005340811,0.420861204,web-pro
0.745839609,0.338637228,0.38445902,0.013556735,0.609889769,oop
0.745839609,0.338637228,0.38445902,0.013556735,0.609889769,mobile
0.89827527,0.44903705,0.160444064,0.001603256,0.212759484,web-pro
0.888124846,0.504827884,0.203551385,0.04220126,0.221714688,statistic
0.888124846,0.504827884,0.203551385,0.04220126,0.221714688,oop
0.888124846,0.504827884,0.203551385,0.04220126,0.221714688,database
0.814915891,0.548261302,0.094495094,0.028193566,0.419703012,mobile
0.453614407,0.222833521,0.038516743,0.004330846,0.725677704,web-pro
0.847579434,0.470314139,0.079124542,0.020493052,0.238640457,web-pro
0.847579434,0.470314139,0.079124542,0.020493052,0.238640457,micro-oop
0.927044687,0.037691138,0.04405527,0.004141971,0.411276861,micro-oop
0.923515595,0.646045915,0.126623689,0.14130031,0.22628232,web-pro
0.898216713,0.191940654,0.106398836,0.011857699,0.367925493,database
0.898216713,0.191940654,0.106398836,0.011857699,0.367925493,web-pro
0.89248539,0.443929565,0.174695657,0.023233784,0.16477587,micro-oop
0.89248539,0.443929565,0.174695657,0.023233784,0.16477587,database
0.787427191,0.581420625,0.032941923,0.028526265,0.296277451,oop
0.787427191,0.581420625,0.032941923,0.028526265,0.296277451,mobile
0.72809156,0.303201412,0.465333606,0.893140058,0.376583871,oop
0.72809156,0.303201412,0.465333606,0.893140058,0.376583871,database
0.699891288,0.064777971,0.242640983,0.229227751,0.999999706,web-pro
0.507594046,0.641299013,0.039481999,0.036598443,0.409905901,web-pro
0.95898165,0.09029068,0.060976725,0.002844144,0.31633064,micro-oop
0.95898165,0.09029068,0.060976725,0.002844144,0.31633064,oop
0.97993535,0.293374002,0.219485095,0.016634026,0.235073681,oop
0.920365886,0.448384109,0.323132969,0.073137987,0.554503945,web-pro
0.903449998,0.853088004,0.122064714,0.187402181,0.398860168,micro-oop
0.915877003,0.40691939,0.251597366,0.070837556,0.321124112,web-pro
0.915877003,0.40691939,0.251597366,0.070837556,0.321124112,database
0.915877003,0.40691939,0.251597366,0.070837556,0.321124112,micro-oop
0.898572133,0.363393521,0.219088348,0.348686391,0.43139409,oop
0.898572133,0.363393521,0.219088348,0.348686391,0.43139409,other
0.931439932,0.486176269,0.129734021,0.021103472,0.285703357,oop
0.930169251,0.143982729,0.140312388,0.016905769,0.373193871,web-pro
0.930169251,0.143982729,0.140312388,0.016905769,0.373193871,other
0.930169251,0.143982729,0.140312388,0.016905769,0.373193871,oop
0.798324084,0.459729317,0.222314674,0.202545132,0.558169439,web-pro
0.798324084,0.459729317,0.222314674,0.202545132,0.558169439,oop
0.9277723,0.107314337,0.040146546,0.018467112,0.437824158,web-pro
0.9277723,0.107314337,0.040146546,0.018467112,0.437824158,mobile
0.961579272,0.691801677,0.126514599,0.016124506,0.342613826,oop
0.928801956,0.370599992,0.174435669,0.036871962,0.219105748,web-pro
0.905125741,0.223783759,0.053761115,0.007122642,0.313380029,web-pro
0.905125741,0.223783759,0.053761115,0.007122642,0.313380029,micro-oop
0.959665529,0.313162018,0.10072063,0.025990136,0.342315249,oop
0.959665529,0.313162018,0.10072063,0.025990136,0.342315249,statistic
0.632887175,0.589545701,0.201929719,0.06449233,0.324568179,micro-oop
0.632887175,0.589545701,0.201929719,0.06449233,0.324568179,web-pro
0.830109406,0.022753571,0.067287949,0.002392266,0.635852312,oop
0.830109406,0.022753571,0.067287949,0.002392266,0.635852312,micro-oop
0.818672524,0.363962573,0.121474622,0.044122457,0.217859077,micro-oop
0.818672524,0.363962573,0.121474622,0.044122457,0.217859077,database
0.711380483,0.432432684,0.113479068,0.012429542,0.427103995,web-pro
0.711380483,0.432432684,0.113479068,0.012429542,0.427103995,micro-oop
0.920723148,0.239414951,0.203422012,0.001664836,0.093138705,web-pro
0.920723148,0.239414951,0.203422012,0.001664836,0.093138705,oop
0.562186834,0.540427932,0.20004808,0.015417539,0.386308254,micro-oop
0.781146515,0.081982945,0.107548064,0.018303618,0.523290156,web-pro
0.615537182,0.291162071,0.130592641,0.022448009,0.476014925,web-pro
0.852314349,0.221349849,0.060693292,0.000302984,0.408824113,web-pro
0.852314349,0.221349849,0.060693292,0.000302984,0.408824113,micro-oop
0.898336727,0.277300205,0.099280957,0.014510904,0.392435526,micro-oop
0.889175706,0.177491499,0.075370727,0.037222182,0.383047997,oop
0.847127211,0.425969097,0.253436725,0.100970358,0.319079348,oop
0.953287821,0.160442411,0.059685019,0.001139941,0.228337859,micro-oop
0.83078949,0.494797759,0.185023463,0.061511432,0.332478442,database
0.83078949,0.494797759,0.185023463,0.061511432,0.332478442,oop
0.94064639,0.047473041,0.156237507,0.00458085,0.384007635,oop
0.94064639,0.047473041,0.156237507,0.00458085,0.384007635,web-pro
0.828737323,0.660868209,0.060005226,0.041743703,0.205843859,web-pro
0.177206762,0.240359212,0.118443983,0.447197459,0.057580756,mobile
0.177206762,0.240359212,0.118443983,0.447197459,0.057580756,oop
0.891716464,0.088040826,0.021267642,0.000747028,0.603624434,oop
0.930996672,0.498604609,0.296286986,0.093079325,0.254165606,mobile
0.897645892,0.556437434,0.259476262,0.027178031,0.131853189,web-pro
0.897645892,0.556437434,0.259476262,0.027178031,0.131853189,micro-oop
0.700777872,0.412089851,0.192574658,0.041735015,0.277441551,web-pro
0.700777872,0.412089851,0.192574658,0.041735015,0.277441551,micro-oop
0.700777872,0.412089851,0.192574658,0.041735015,0.277441551,oop
0.919165661,0.488572755,0.10971758,0.058868674,0.303091677,web-pro
0.943636092,0.374045098,0.148756413,0.039146921,0.336659451,oop
0.943636092,0.374045098,0.148756413,0.039146921,0.336659451,web-pro
0.9191372,0.145818887,0.149424716,0.004398387,0.442356892,mobile
0.928861847,0.056538697,0.09212015,0.003221613,0.135151853,oop
0.928861847,0.056538697,0.09212015,0.003221613,0.135151853,other
0.37999811,0.360378882,0.414651282,0.344227986,0.391452026,web-pro
0.973357405,0.126526218,0.030662221,0.001280671,0.242672382,database
0.973357405,0.126526218,0.030662221,0.001280671,0.242672382,micro-oop
0.973357405,0.126526218,0.030662221,0.001280671,0.242672382,web-pro
0.910531249,0.502461769,0.217836732,0.082825137,0.098668659,oop
0.910531249,0.502461769,0.217836732,0.082825137,0.098668659,web-pro
0.627119933,0.4760678,0.107612764,0.014127135,0.271869096,other
0.916326441,0.384399961,0.063098119,0.009964236,0.249390786,web-pro
0.916326441,0.384399961,0.063098119,0.009964236,0.249390786,oop
0.916326441,0.384399961,0.063098119,0.009964236,0.249390786,statistic
0.625266456,0.437318709,0.0474266,0.015300797,0.326228743,oop
0.932305244,0.257877273,0.249037708,0.054903969,0.302682234,mobile
0.967496096,0.226827817,0.0917286,0.024448596,0.328609223,oop
0.967496096,0.226827817,0.0917286,0.024448596,0.328609223,other
0.934233014,0.307367054,0.103155788,0.048592504,0.281943875,other
0.900795419,0.058306341,0.087637479,0.013145401,0.306333174,web-pro
0.946071144,0.007683019,0.241513099,0.018732776,0.756688365,web-pro
0.946071144,0.007683019,0.241513099,0.018732776,0.756688365,oop
0.912238158,0.210307118,0.125701663,0.022359203,0.239480396,mobile
0.912238158,0.210307118,0.125701663,0.022359203,0.239480396,oop
0.953987979,0.203291677,0.114391042,0.011565909,0.306391139,mobile
0.795531679,0.090931767,0.063607062,0.017989835,0.333504046,mobile
0.359301593,0.34947306,0.428030594,0.081645078,0.669443575,oop
0.359301593,0.34947306,0.428030594,0.081645078,0.669443575,web-pro
0.792161111,0.21595583,0.240192701,0.024932224,0.387238353,web-pro
0.953105798,0.10137177,0.155025635,0.030005295,0.399715371,oop
0.953105798,0.10137177,0.155025635,0.030005295,0.399715371,statistic
0.291574069,0.293977701,0.386178756,0.24533707,0.791075215,oop
0.291574069,0.293977701,0.386178756,0.24533707,0.791075215,database
0.975574574,0.076217243,0.104591156,0.056719816,0.638997468,web-pro
0.763699022,0.495139345,0.107183196,0.140551193,0.497718962,web-pro
0.729448003,0.62085189,0.237630218,0.253420481,0.32283676,oop
0.729448003,0.62085189,0.237630218,0.253420481,0.32283676,mobile
0.393241066,0.241314496,0.450527506,0.253174612,0.999951565,web-pro
0.393241066,0.241314496,0.450527506,0.253174612,0.999951565,database
0.527069763,0.499433253,0.173996348,0.130792048,0.657922732,micro-oop
0.812913006,0.154806195,0.165632896,0.069671148,0.457682675,web-pro
0.812913006,0.154806195,0.165632896,0.069671148,0.457682675,oop
0.919795746,0.362582332,0.21802736,0.048863149,0.205388037,web-pro
0.513843199,0.188423908,0.331695309,0.27805397,0.999999999,other
0.513843199,0.188423908,0.331695309,0.27805397,0.999999999,web-pro
0.826736131,0.003312763,0.244116616,0.058407871,0.999631039,web-pro
0.941044756,0.392933509,0.309636997,0.045420692,0.229149217,web-pro
0.941044756,0.392933509,0.309636997,0.045420692,0.229149217,micro-oop
0.548057938,0.204145614,0.105235776,0.004922169,0.797363119,mobile
0.548057938,0.204145614,0.105235776,0.004922169,0.797363119,oop
0.420218324,0.284600952,0.487242177,0.225688523,0.998312648,web-pro
0.936924513,0.125567595,0.064756903,0.000232838,0.424605834,web-pro
0.936924513,0.125567595,0.064756903,0.000232838,0.424605834,oop
0.750942757,0.728052238,0.079308567,0.044376255,0.173894375,web-pro
0.826959686,0.147306294,0.139456367,0.061623123,0.355121126,web-pro
0.674563743,0.220505158,0.113398523,0.004509816,0.602116085,micro-oop
0.674563743,0.220505158,0.113398523,0.004509816,0.602116085,web-pro
0.872297919,0.453850913,0.149942533,0.039533402,0.187731224,web-pro
0.944406148,0.200660777,0.317085735,0.013449622,0.553522868,web-pro
0.851113063,0.086515342,0.143626735,0.123167173,0.992681686,micro-oop
0.851113063,0.086515342,0.143626735,0.123167173,0.992681686,oop
0.395015125,0.230235344,0.345333281,0.276260292,0.840803053,web-pro
0.318716974,0.007248263,0.076387082,0.010751135,0.977914468,web-pro
0.318716974,0.007248263,0.076387082,0.010751135,0.977914468,oop
0.852031948,0.529940271,0.11241928,0.022047987,0.254479748,database
0.852031948,0.529940271,0.11241928,0.022047987,0.254479748,micro-oop
0.904546956,0.471070101,0.165256483,0.052070971,0.547915171,web-pro
0.891811814,0.337249437,0.274284959,0.095010213,0.282759682,mobile
0.891811814,0.337249437,0.274284959,0.095010213,0.282759682,web-pro
0.971395511,0.113623287,0.053753198,0.02883069,0.254138691,micro-oop
0.966472335,0.249433501,0.151287345,0.008436506,0.418651772,oop
0.878327969,0.068045641,0.100435136,0.02260963,0.682374805,oop
0.878327969,0.068045641,0.100435136,0.02260963,0.682374805,micro-oop
0.878327969,0.068045641,0.100435136,0.02260963,0.682374805,other
0.821953552,0.489889087,0.050106243,0.11229107,0.386007867,web-pro
0.690247675,0.430491637,0.276648833,0.163459095,0.368762173,web-pro
0.839542961,0.741225222,0.104182259,0.10936253,0.147201098,oop
0.839542961,0.741225222,0.104182259,0.10936253,0.147201098,micro-oop
0.956704231,0.100646015,0.04348106,0.002889037,0.177402665,other
0.956704231,0.100646015,0.04348106,0.002889037,0.177402665,oop
0.887253278,0.432993261,0.329725943,0.003859118,0.600426552,oop
0.887253278,0.432993261,0.329725943,0.003859118,0.600426552,web-pro
0.837600707,0.327819556,0.2236907,0.092257953,0.246868137,mobile
0.837600707,0.327819556,0.2236907,0.092257953,0.246868137,web-pro
0.778983697,0.235588681,0.236831541,0.021275115,0.291182344,web-pro
0.778983697,0.235588681,0.236831541,0.021275115,0.291182344,mobile
0.778983697,0.235588681,0.236831541,0.021275115,0.291182344,other
0.929344795,0.350829355,0.141876188,0.044868788,0.279224466,oop
0.722645122,0.175090717,0.153974768,0.037627885,0.502193312,micro-oop
0.729925687,0.190688146,0.064437983,0.020865364,0.529171747,web-pro
0.729925687,0.190688146,0.064437983,0.020865364,0.529171747,oop
0.925707426,0.091470597,0.025369512,0.000435975,0.364181074,web-pro
0.925707426,0.091470597,0.025369512,0.000435975,0.364181074,oop
0.75890167,0.075454792,0.302208659,0.066039062,0.360832799,oop
0.75890167,0.075454792,0.302208659,0.066039062,0.360832799,mobile
0.626237796,0.672185169,0.074408226,0.14666886,0.158720841,mobile
0.626237796,0.672185169,0.074408226,0.14666886,0.158720841,oop
0.626237796,0.672185169,0.074408226,0.14666886,0.158720841,micro-oop
0.817191887,0.236139136,0.133391809,0.010998302,0.38672599,web-pro
0.817191887,0.236139136,0.133391809,0.010998302,0.38672599,oop
0.91022992,0.402655811,0.104209991,0.029667132,0.20423775,micro-oop
0.884400693,0.044527857,0.008557885,0.000579537,0.259158958,oop
0.884400693,0.044527857,0.008557885,0.000579537,0.259158958,other
0.910531036,0.526961583,0.137289879,0.068874971,0.19295347,oop
0.910531036,0.526961583,0.137289879,0.068874971,0.19295347,micro-oop
0.930775954,0.046739445,0.05217196,0.001619642,0.401809131,oop
0.930775954,0.046739445,0.05217196,0.001619642,0.401809131,mobile
0.911910704,0.222460105,0.101767176,0.005705816,0.229707431,statistic
0.911910704,0.222460105,0.101767176,0.005705816,0.229707431,oop
0.795951408,0.596604895,0.124707806,0.056141734,0.343027412,statistic
0.795951408,0.596604895,0.124707806,0.056141734,0.343027412,micro-oop
0.918451702,0.294113011,0.381647991,0.019618201,0.23658452,micro-oop
0.918451702,0.294113011,0.381647991,0.019618201,0.23658452,web-pro
0.899430288,0.664121356,0.075612813,0.037060336,0.293885466,micro-oop
0.903602145,0.234189327,0.090251304,0.001586759,0.286127995,micro-oop
0.893535419,0.314066041,0.104500899,0.018261492,0.335562558,web-pro
0.893535419,0.314066041,0.104500899,0.018261492,0.335562558,oop
0.90855033,0.22865516,0.174500362,0.01488499,0.364134247,micro-oop
0.90855033,0.22865516,0.174500362,0.01488499,0.364134247,statistic
0.85712827,0.181583064,0.127578952,0.037519998,0.514861293,mobile
0.7423651,0.52349677,0.066192821,0.039659317,0.370174637,mobile
0.924931159,0.479798009,0.14264187,0.038792553,0.318088788,web-pro
0.924931159,0.479798009,0.14264187,0.038792553,0.318088788,micro-oop
0.847131674,0.153131951,0.124203663,0.012855997,0.309469019,mobile
0.847131674,0.153131951,0.124203663,0.012855997,0.309469019,other
0.831637855,0.339600936,0.103223678,0.005230279,0.25763917,oop
0.937384545,0.441500632,0.086286079,0.02861902,0.228427453,oop
0.937384545,0.441500632,0.086286079,0.02861902,0.228427453,micro-oop
0.89077434,0.078372867,0.038853261,0.000697065,0.43074453,mobile
0.830991516,0.42016407,0.089043518,4.27e-05,0.015837418,oop
0.830991516,0.42016407,0.089043518,4.27e-05,0.015837418,mobile
0.468402954,0.245978939,0.320443142,0.234281541,0.776427978,database
0.468402954,0.245978939,0.320443142,0.234281541,0.776427978,web-pro
0.103591752,0.057166524,0.021462875,0.036448143,0.969624907,web-pro
0.884648653,0.189192025,0.158260469,0.005737754,0.546928544,mobile
0.873116944,0.455760224,0.182816015,0.032475228,0.199597302,oop
0.873116944,0.455760224,0.182816015,0.032475228,0.199597302,web-pro
0.882685634,0.185120997,0.049088516,0.002822307,0.290252182,micro-oop
0.882685634,0.185120997,0.049088516,0.002822307,0.290252182,oop
0.933743027,0.159142118,0.073315832,0.003158665,0.5044091,mobile
0.933743027,0.159142118,0.073315832,0.003158665,0.5044091,oop
0.865628913,0.496844207,0.097272004,0.012191629,0.39830391,oop
0.865628913,0.496844207,0.097272004,0.012191629,0.39830391,web-pro
0.060010885,0.123706087,0.068373966,0.142327762,0.989236292,statistic
0.755946343,0.252200124,0.060572162,0.003782735,0.309922929,web-pro
0.975125068,0.172795991,0.207185019,0.016490907,0.371749551,oop
0.975125068,0.172795991,0.207185019,0.016490907,0.371749551,web-pro
0.938224834,0.302872524,0.075542836,0.005073711,0.171569344,oop
0.938224834,0.302872524,0.075542836,0.005073711,0.171569344,micro-oop
0.879260834,0.330299429,0.153242172,0.004805145,0.331248629,database
0.674105233,0.118788959,0.048970686,0.015940338,0.501953198,other
0.674105233,0.118788959,0.048970686,0.015940338,0.501953198,oop
0.89083701,0.24431757,0.094399126,0.003152932,0.287380697,web-pro
0.89083701,0.24431757,0.094399126,0.003152932,0.287380697,oop
0.879084077,0.173267742,0.116922344,0.02387509,0.37066186,web-pro
0.403255532,0.077351177,0.052042601,0.029921715,0.724827334,web-pro
0.403255532,0.077351177,0.052042601,0.029921715,0.724827334,database
0.934798021,0.167788652,0.034331605,0.001340724,0.37554301,oop
0.934798021,0.167788652,0.034331605,0.001340724,0.37554301,micro-oop
0.500157207,0.177471811,0.166375818,0.050231823,0.97080824,web-pro
0.846120076,0.475108488,0.198230749,0.161563526,0.204765283,micro-oop
0.707512995,0.082276546,0.067043353,0.002580715,0.596771927,oop
0.921031793,0.219827554,0.174623879,0.009884004,0.316052554,other
0.921031793,0.219827554,0.174623879,0.009884004,0.316052554,web-pro
0.921031793,0.219827554,0.174623879,0.009884004,0.316052554,oop
0.78265817,0.338743734,0.088722755,0.00108187,0.418813666,web-pro
0.888853224,0.037466404,0.031519398,0.008113467,0.398257055,mobile
0.927439494,0.641176896,0.415072608,0.144766886,0.19160369,web-pro
0.927439494,0.641176896,0.415072608,0.144766886,0.19160369,mobile
0.927439494,0.641176896,0.415072608,0.144766886,0.19160369,oop
0.901542271,0.483168169,0.243387104,0.094721783,0.255921165,oop
0.901542271,0.483168169,0.243387104,0.094721783,0.255921165,web-pro
0.931585161,0.156567613,0.419738151,0.134702155,0.340470017,web-pro
0.894923555,0.268381165,0.082204568,0.015563584,0.44035283,oop
0.894923555,0.268381165,0.082204568,0.015563584,0.44035283,web-pro
0.772973402,0.198403068,0.211680409,0.09071454,0.603232762,oop
0.772973402,0.198403068,0.211680409,0.09071454,0.603232762,micro-oop
0.926194323,0.149055152,0.041135885,0.015127956,0.541935766,oop
0.675997361,0.592175262,0.931559348,0.89174239,0.491334779,web-pro
0.675997361,0.592175262,0.931559348,0.89174239,0.491334779,database
0.784923048,0.584329417,0.122044444,0.120881808,0.335625797,web-pro
0.945665898,0.353748963,0.159026548,0.024004405,0.274330719,web-pro
0.945665898,0.353748963,0.159026548,0.024004405,0.274330719,micro-oop
0.845442951,0.512191921,0.182975756,0.068013984,0.270278222,mobile
0.845442951,0.512191921,0.182975756,0.068013984,0.270278222,web-pro
0.451621313,0.157951015,0.232510148,0.116404198,0.460052855,oop
0.451621313,0.157951015,0.232510148,0.116404198,0.460052855,mobile
0.60185848,0.173268972,0.013369588,0.001241315,0.296884861,web-pro
0.60185848,0.173268972,0.013369588,0.001241315,0.296884861,database
0.700876491,0.127945101,0.13618437,0.090453388,0.970766957,micro-oop
0.700876491,0.127945101,0.13618437,0.090453388,0.970766957,web-pro
0.9663685,0.276436791,0.116533561,0.007579528,0.227238714,web-pro
0.9663685,0.276436791,0.116533561,0.007579528,0.227238714,oop
0.942304781,0.104238924,0.05115108,0.000286824,0.348675778,web-pro
0.731586873,0.027481273,0.0488358,0.023388374,0.400765695,web-pro
0.731586873,0.027481273,0.0488358,0.023388374,0.400765695,micro-oop
0.751861297,0.290239548,0.127188015,0.026895314,0.430202947,statistic
0.975443824,0.167206933,0.109636093,0.039009816,0.313052959,web-pro
0.909809849,0.538318587,0.121723345,0.021597765,0.178456728,oop
0.909809849,0.538318587,0.121723345,0.021597765,0.178456728,web-pro
0.951561072,0.38101097,0.080811015,0.005593961,0.29317609,web-pro
0.68885214,0.463831464,0.278923261,0.057789911,0.314218161,other
0.89031868,0.050276625,0.113862701,0.013834498,0.460121239,oop
0.898091704,0.081064741,0.123083483,0.04919867,0.341665579,oop
0.898091704,0.081064741,0.123083483,0.04919867,0.341665579,web-pro
0.899777773,0.240725569,0.144362643,0.046987433,0.246620826,micro-oop
0.899777773,0.240725569,0.144362643,0.046987433,0.246620826,web-pro
0.899777773,0.240725569,0.144362643,0.046987433,0.246620826,oop
0.797286986,0.301599356,0.220477437,0.005110071,0.663930743,oop
0.797286986,0.301599356,0.220477437,0.005110071,0.663930743,micro-oop
0.881212782,0.554040454,0.244960296,0.145032836,0.29620058,oop
0.881212782,0.554040454,0.244960296,0.145032836,0.29620058,web-pro
0.573928298,0.259537758,0.013192646,0.090097332,0.614544563,micro-oop
0.869225938,0.025354134,0.053678332,0.019881887,0.371140866,web-pro
0.928398679,0.110110067,0.109577967,0.001470854,0.340483892,web-pro
0.928398679,0.110110067,0.109577967,0.001470854,0.340483892,oop
0.901026172,0.146466323,0.201982534,0.024793223,0.423213956,web-pro
0.50238833,0.040347505,0.341332729,0.201656693,0.752791676,micro-oop
0.50238833,0.040347505,0.341332729,0.201656693,0.752791676,web-pro
0.858142068,0.132191523,0.226095031,0.016651045,0.434919598,web-pro
0.536745967,0.106114817,0.285390249,0.259860621,0.999999999,micro-oop
0.814699019,0.681654353,0.035093753,0.021684999,0.35363663,micro-oop
0.84703629,0.429764671,0.111002859,0.035037458,0.09605754,micro-oop
0.508204735,0.459096794,0.016121179,0.029724696,0.472859942,micro-oop
0.508204735,0.459096794,0.016121179,0.029724696,0.472859942,database
0.981029566,0.501272956,0.826494562,0.115556814,0.454841099,micro-oop
0.981029566,0.501272956,0.826494562,0.115556814,0.454841099,oop
0.981029566,0.501272956,0.826494562,0.115556814,0.454841099,web-pro
0.868929444,0.804228974,0.132739578,0.07589496,0.080498898,oop
0.867429005,0.522645761,0.189188607,0.036117076,0.404141272,database
0.867429005,0.522645761,0.189188607,0.036117076,0.404141272,web-pro
0.922917876,0.07689135,0.083121291,0.019749298,0.552446916,other
0.922917876,0.07689135,0.083121291,0.019749298,0.552446916,web-pro
0.892673019,0.685287021,0.392000343,0.150510499,0.227151381,micro-oop
0.892673019,0.685287021,0.392000343,0.150510499,0.227151381,database
0.869539085,0.540388993,0.473764509,0.368570607,0.405141923,oop
0.787649383,0.37464921,0.149195926,0.014964429,0.327468908,micro-oop
0.787649383,0.37464921,0.149195926,0.014964429,0.327468908,oop
0.78622796,0.121732715,0.09377906,0.033276452,0.465503405,micro-oop
0.923004854,0.258741888,0.136969046,0.044362693,0.356851778,oop
0.688095545,0.26921438,0.061158386,0.061014139,0.250204443,database
0.688095545,0.26921438,0.061158386,0.061014139,0.250204443,web-pro
0.920346305,0.103859645,0.063766019,0.00802521,0.400392872,oop
0.685903559,0.05068342,0.022452929,0.006370212,0.70827832,web-pro
0.685903559,0.05068342,0.022452929,0.006370212,0.70827832,micro-oop
0.415489999,0.632481635,0.165720596,0.256286601,0.029465789,database
0.415489999,0.632481635,0.165720596,0.256286601,0.029465789,web-pro
0.937138594,0.371688239,0.268879091,0.077963487,0.229189904,web-pro
0.950768065,0.0429274,0.019944101,0.000545427,0.29553473,oop
0.440084847,0.329261984,0.054061291,0.037720426,0.461170502,oop
0.763502218,0.688436336,0.183879489,0.119759229,0.461334612,web-pro
0.186982464,0.35813546,0.001250464,0.005978637,0.800258132,web-pro
0.897922395,0.245074766,0.148961862,0.025654014,0.319792784,statistic
0.897922395,0.245074766,0.148961862,0.025654014,0.319792784,oop
0.8462632,0.018468941,0.205160135,0.056382681,0.995003751,web-pro
0.412633295,0.654368482,0.985625573,0.099842499,0.008123431,oop
0.412633295,0.654368482,0.985625573,0.099842499,0.008123431,statistic
0.937058177,0.504032017,0.163643511,0.085824181,0.236289992,other
0.937058177,0.504032017,0.163643511,0.085824181,0.236289992,mobile
0.880874665,0.214645281,0.160638527,0.019595187,0.307947041,oop
0.880874665,0.214645281,0.160638527,0.019595187,0.307947041,web-pro
0.871713647,0.224449115,0.121559909,0.035196945,0.679131069,oop
0.787034474,0.229925236,0.213898219,0.03549392,0.244447773,web-pro
0.371347524,0.380912551,0.413334299,0.221290136,0.993592227,oop
0.371347524,0.380912551,0.413334299,0.221290136,0.993592227,database
0.371347524,0.380912551,0.413334299,0.221290136,0.993592227,other
0.885382478,0.304558406,0.221084761,0.015955654,0.35416053,micro-oop
0.870546781,0.556379391,0.077467201,0.037274818,0.267363182,oop
0.870546781,0.556379391,0.077467201,0.037274818,0.267363182,micro-oop
0.71671533,0.021111678,0.303463327,0.143167828,0.999995966,oop
0.71671533,0.021111678,0.303463327,0.143167828,0.999995966,web-pro
0.864558489,0.16822065,0.063304817,0.005912917,0.459239816,other
0.864558489,0.16822065,0.063304817,0.005912917,0.459239816,mobile
0.957240674,0.102778028,0.059108887,0.014164444,0.358180567,web-pro
0.957240674,0.102778028,0.059108887,0.014164444,0.358180567,oop
0.883233256,0.292450657,0.074359667,0.035506332,0.501435117,statistic
0.883233256,0.292450657,0.074359667,0.035506332,0.501435117,oop
0.883233256,0.292450657,0.074359667,0.035506332,0.501435117,web-pro
0.966287483,0.225467762,0.282434482,0.000585715,0.311244815,other
0.966287483,0.225467762,0.282434482,0.000585715,0.311244815,web-pro
0.907664707,0.225479708,0.255848461,0.029509321,0.386711856,micro-oop
0.907664707,0.225479708,0.255848461,0.029509321,0.386711856,web-pro
0.950173218,0.189612013,0.088611064,0.037548625,0.337896137,micro-oop
0.87785152,0.499081098,0.171956968,0.144477206,0.355265621,database
0.766190685,0.109696081,0.052638658,0.003871181,0.377092878,web-pro
0.923939734,0.037003533,0.029999131,0.016381747,0.478482238,web-pro
0.947264856,0.102537829,0.133482384,0.006177845,0.316552347,web-pro
0.947264856,0.102537829,0.133482384,0.006177845,0.316552347,oop
0.968535071,0.033634084,0.099386826,0.02722632,0.471574664,oop
0.968535071,0.033634084,0.099386826,0.02722632,0.471574664,statistic
0.6727637,0.056804854,0.082794608,0.021951448,0.850227462,web-pro
0.6727637,0.056804854,0.082794608,0.021951448,0.850227462,database
0.73366519,0.111683346,0.02285215,0.00318523,0.506745061,mobile
0.913715882,0.26888248,0.085595649,0.068033063,0.276303823,web-pro
0.968001557,0.131548103,0.19611123,0.041963577,0.558993942,oop
0.968001557,0.131548103,0.19611123,0.041963577,0.558993942,other
0.924465844,0.211622659,0.146281841,0.029606864,0.237611938,web-pro
0.924465844,0.211622659,0.146281841,0.029606864,0.237611938,micro-oop
0.892100343,0.464243221,0.03747962,0.024450482,0.380482796,oop
0.937207911,0.372841955,0.198770632,0.070263054,0.394367274,oop
0.82391125,0.559528264,0.273519695,0.000197034,0.030239777,oop
0.947474964,0.307548682,0.167345719,0.007878664,0.119748216,other
0.947474964,0.307548682,0.167345719,0.007878664,0.119748216,oop
0.891162041,0.605756348,0.122701868,0.080898118,0.239619365,statistic
0.891162041,0.605756348,0.122701868,0.080898118,0.239619365,micro-oop
0.800899087,0.422774153,0.166383187,0.087934234,0.331352955,web-pro
0.800899087,0.422774153,0.166383187,0.087934234,0.331352955,oop
0.800899087,0.422774153,0.166383187,0.087934234,0.331352955,statistic
0.89733983,0.106307776,0.044559645,0.002553255,0.280714059,oop
0.936260108,0.634279487,0.058560195,0.132334012,0.223571065,oop
0.869295018,0.141243062,0.053587285,0.005234477,0.360546528,micro-oop
0.629941591,0.538361882,0.066752666,0.007945834,0.385225561,web-pro
0.629941591,0.538361882,0.066752666,0.007945834,0.385225561,micro-oop
0.572381047,0.295757736,0.436622068,0.040344288,0.695648425,web-pro
0.572381047,0.295757736,0.436622068,0.040344288,0.695648425,database
0.572381047,0.295757736,0.436622068,0.040344288,0.695648425,oop
0.843159333,0.231141368,0.108041052,0.002279124,0.113959915,database
0.818292472,0.694002464,0.149298441,0.019792566,0.232153574,oop
0.818292472,0.694002464,0.149298441,0.019792566,0.232153574,web-pro
0.907640435,0.556273347,0.137974004,0.022480009,0.18858836,oop
0.907640435,0.556273347,0.137974004,0.022480009,0.18858836,mobile
0.045300965,0.051926846,0.049958321,0.030484629,0.924248814,mobile
0.830369457,0.163680509,0.148183137,0.023023131,0.308409714,micro-oop
0.795623597,0.354194074,0.143063121,0.088149724,0.42341442,web-pro
0.941343243,0.744201588,0.305661378,0.071135625,0.323852049,micro-oop
0.941343243,0.744201588,0.305661378,0.071135625,0.323852049,oop
0.836813698,0.298021985,0.127295831,0.0043216,0.308379294,database
0.836813698,0.298021985,0.127295831,0.0043216,0.308379294,web-pro
0.914985241,0.262960651,0.194568971,0.057569686,0.253018252,web-pro
0.914985241,0.262960651,0.194568971,0.057569686,0.253018252,oop
0.816694695,0.260398009,0.204808132,0.010983728,0.277700234,micro-oop
0.944733344,0.154286792,0.08049065,0.0014185,0.223363589,oop
0.944733344,0.154286792,0.08049065,0.0014185,0.223363589,web-pro
0.737767286,0.419141696,0.135269379,0.004350854,0.460941273,mobile
0.81997612,0.052955725,0.063697624,0.002600437,0.329675579,database
0.81997612,0.052955725,0.063697624,0.002600437,0.329675579,oop
0.700754105,0.470056048,0.020562781,0.012893798,0.411238159,micro-oop
0.700754105,0.470056048,0.020562781,0.012893798,0.411238159,database
0.890852618,0.732683827,0.168248044,0.067240889,0.131390389,micro-oop
0.890852618,0.732683827,0.168248044,0.067240889,0.131390389,oop
0.970039941,0.582331872,0.367283092,0.047889761,0.241687115,oop
0.970039941,0.582331872,0.367283092,0.047889761,0.241687115,web-pro
0.910550244,0.089472535,0.213070518,0.069558749,0.356902913,micro-oop
0.920992598,0.587664329,0.21237779,0.153569564,0.373930262,oop
0.933349778,0.554209613,0.04945321,0.026997666,0.242620286,web-pro
0.931420948,0.460925811,0.139309785,0.034771979,0.278542145,statistic
0.931420948,0.460925811,0.139309785,0.034771979,0.278542145,micro-oop
0.852838016,0.448324579,0.301479292,0.18211797,0.686435365,micro-oop
0.852838016,0.448324579,0.301479292,0.18211797,0.686435365,oop
0.818481031,0.198280187,0.082910074,0.02497937,0.560305621,oop
0.818481031,0.198280187,0.082910074,0.02497937,0.560305621,web-pro
0.868002159,0.249025013,0.2663494,0.018914407,0.310501063,web-pro
0.868002159,0.249025013,0.2663494,0.018914407,0.310501063,oop
0.692934525,0.210920938,0.076276507,0.032240804,0.757266735,web-pro
0.786639047,0.193070373,0.024373694,0.001530948,0.214887951,web-pro
0.786639047,0.193070373,0.024373694,0.001530948,0.214887951,database
0.449833229,0.297320361,0.534049521,0.221895594,0.997661771,web-pro
0.950417465,0.06894029,0.045976391,0.002803322,0.272071691,mobile
0.950417465,0.06894029,0.045976391,0.002803322,0.272071691,oop
0.902336275,0.361917525,0.143274881,0.002885686,0.33301915,web-pro
0.828490683,0.308223337,0.169396286,0.026557811,0.444964235,oop
0.919490126,0.425578906,0.162429813,0.064284265,0.416770973,mobile
0.919490126,0.425578906,0.162429813,0.064284265,0.416770973,oop
0.972274824,0.1164466,0.139581587,0.006946781,0.321106024,web-pro
